SA2_MAINCODE_2016,Train_M,Train_F,Train_O,Train_P,Bus_M,Bus_F,Bus_O,Bus_P,Ferry_M,Ferry_F,Ferry_O,Ferry_P,Tram_M,Tram_F,Tram_O,Tram_P,Taxi_M,Taxi_F,Taxi_O,Taxi_P,Car_Driver_M,Car_Driver_F,Car_Driver_O,Car_Driver_P,Car_Pass_M,Car_Pass_F,Car_Pass_O,Car_Pass_P,Truck_M,Truck_F,Truck_O,Truck_P,Mbike_M,Mbike_F,Mbike_O,Mbike_P,Bike_M,Bike_F,Bike_O,Bike_P,Other_M,Other_F,Other_O,Other_P,Walk_M,Walk_F,Walk_O,Walk_P,Tot_M,Tot_F,Tot_P
201011001,50,18,3,71,15,16,1,32,0,0,0,0,0,0,0,0,9,5,-6,8,2259,1964,-1,4222,131,183,4,318,16,0,2,18,8,0,0,8,32,9,-3,38,14,3,2,19,30,29,6,65,2562,2233,4797
201011002,76,47,4,127,20,22,1,43,0,0,0,0,0,0,0,0,11,4,1,16,1722,1630,-6,3346,93,148,1,242,14,0,-5,9,10,3,0,13,56,17,-2,71,15,10,-2,23,245,265,7,517,2260,2147,4406
201011003,116,59,3,178,49,55,0,104,0,0,5,5,0,3,0,3,13,8,1,22,3899,3509,1,7409,219,275,0,494,55,0,2,57,16,0,4,20,52,11,4,67,27,15,0,42,132,116,-6,242,4591,4055,8649
201011004,46,33,6,85,38,61,2,101,8,0,2,10,0,0,0,0,21,22,-1,42,3724,3405,2,7131,254,296,-2,548,49,0,1,50,25,0,-4,21,57,10,-2,65,27,10,-3,34,110,109,4,223,4354,3951,8300
201011005,21,9,-1,29,9,19,1,29,0,0,0,0,0,3,0,3,4,6,-4,6,1238,1041,-1,2278,55,61,-3,113,21,0,0,21,6,0,-3,3,12,3,-4,11,12,0,-2,10,47,32,7,86,1409,1166,2579
201011006,4,6,3,13,4,10,-4,10,0,0,0,0,0,0,0,0,0,3,1,4,1275,1145,3,2423,96,89,-4,181,16,0,0,16,11,0,0,11,3,0,1,4,8,4,3,15,27,11,5,43,1448,1274,2725
201011007,9,0,-1,8,3,4,1,8,0,0,0,0,0,0,0,0,0,3,0,3,813,659,-3,1469,39,48,-1,86,34,0,0,34,5,0,-1,4,0,0,0,0,4,0,0,4,8,8,-2,14,908,719,1627
201011008,17,16,-3,30,24,30,5,59,0,0,0,0,0,0,0,0,9,5,-6,8,2165,1756,3,3924,182,161,0,343,29,0,1,30,8,0,4,12,29,5,6,40,8,9,0,17,65,59,-2,122,2547,2041,4586
201021009,47,43,0,90,3,4,-1,6,0,0,0,0,0,0,0,0,0,0,0,0,933,742,1,1676,66,59,-2,123,40,0,5,45,3,0,0,3,4,0,6,10,6,8,-2,12,33,28,4,65,1142,888,2027
201021010,8,11,1,20,4,4,5,13,0,0,0,0,3,0,0,3,0,0,0,0,1124,927,-2,2049,42,49,8,99,34,0,3,37,9,3,3,15,6,0,-2,4,6,6,1,13,67,45,-5,107,1307,1053,2361
201021011,19,27,-1,45,8,0,3,11,3,0,0,3,3,0,1,4,0,3,0,3,1204,1079,3,2286,59,66,3,128,39,0,0,39,3,0,0,3,4,4,0,8,19,12,-5,26,91,91,-2,180,1452,1290,2745
201021012,14,13,4,31,6,3,-3,6,0,0,0,0,0,0,0,0,3,0,0,3,941,794,8,1743,48,53,-4,97,48,0,4,52,13,0,0,13,3,0,0,3,9,4,6,19,41,19,4,64,1133,892,2023
201031013,0,0,0,0,3,3,-3,3,0,0,0,0,0,0,0,0,0,0,0,0,375,325,7,707,20,33,-4,49,28,3,-3,28,3,0,0,3,4,0,0,4,12,0,0,12,45,21,3,69,485,388,875
201031014,0,0,0,0,0,3,0,3,0,0,0,0,0,0,0,0,0,0,0,0,580,457,0,1037,17,39,-1,55,26,3,-3,26,0,0,0,0,0,0,3,3,7,4,1,12,33,20,-4,49,667,531,1199
201031015,3,5,-1,7,0,3,0,3,0,0,0,0,0,0,0,0,0,0,0,0,736,608,3,1347,39,28,1,68,24,0,3,27,7,0,0,7,0,0,3,3,11,0,4,15,12,20,3,35,835,667,1503
201031016,3,0,0,3,3,0,0,3,0,0,0,0,0,0,0,0,3,0,-3,0,941,834,-7,1768,57,85,2,144,25,0,0,25,3,4,-1,6,16,11,3,30,4,4,4,12,90,64,-1,153,1147,997,2140
201031017,3,0,0,3,4,0,-1,3,0,0,0,0,0,0,0,0,0,0,4,4,691,554,-1,1244,38,42,-3,77,16,0,-2,14,0,0,0,0,3,0,0,3,10,3,-3,10,46,22,6,74,806,621,1428
202011018,24,15,0,39,33,38,-2,69,0,0,3,3,0,3,0,3,6,14,0,20,2031,1766,2,3799,143,193,2,338,25,3,1,29,18,6,1,25,79,16,-4,91,17,7,3,27,286,334,0,620,2661,2400,5063
202011019,3,9,0,12,32,27,2,61,0,3,0,3,0,3,0,3,6,7,-5,8,1784,1579,6,3369,139,132,-1,270,51,3,-4,50,23,6,-3,26,17,5,1,23,14,3,2,19,37,27,-5,59,2099,1795,3895
202011020,19,8,0,27,22,20,3,45,0,0,0,0,0,0,0,0,0,8,1,9,2161,2020,4,4185,147,189,0,336,28,0,-2,26,27,4,-1,30,42,14,-6,50,13,5,-2,16,106,93,-2,197,2566,2360,4928
202011021,13,10,2,25,18,24,5,47,0,0,0,0,0,0,3,3,7,5,5,17,1455,1450,6,2911,94,127,-1,220,18,0,0,18,21,4,-2,23,67,25,-4,88,15,8,-5,18,84,76,6,166,1796,1735,3529
202011022,28,16,-3,41,35,39,5,79,4,0,-1,3,0,0,0,0,10,7,-4,13,3178,2926,0,6104,199,242,0,441,51,0,-1,50,23,5,1,29,48,11,-2,57,25,13,3,41,57,72,-3,126,3666,3332,6995
202011023,5,7,-1,11,11,9,-3,17,0,0,0,0,0,0,0,0,0,0,3,3,1062,841,5,1908,52,63,-9,106,26,0,3,29,4,0,0,4,3,0,0,3,3,0,4,7,14,11,2,27,1182,930,2113
202011024,10,6,-3,13,21,9,1,31,0,3,0,3,4,0,0,4,0,0,0,0,1658,1398,0,3056,67,121,1,189,20,0,0,20,14,0,0,14,18,0,-1,17,9,3,4,16,24,16,-3,37,1843,1565,3403
202011025,11,12,-4,19,27,24,-1,50,0,0,0,0,0,0,0,0,6,3,1,10,2221,1905,5,4131,131,147,-1,277,37,3,-1,39,15,3,-1,17,21,7,1,29,11,6,2,19,46,37,-1,82,2524,2143,4669
202021026,6,4,1,11,9,3,-4,8,0,0,0,0,3,0,0,3,0,0,0,0,1316,1156,-3,2469,75,83,3,161,51,3,0,54,8,0,3,11,8,0,-3,5,8,6,-5,9,35,19,-2,52,1519,1273,2795
202021027,93,90,4,187,3,5,-1,7,0,0,0,0,0,0,0,0,0,0,3,3,1178,1116,0,2294,102,99,1,202,17,0,0,17,10,0,0,10,39,25,0,64,18,4,-3,19,103,102,-5,200,1565,1441,3011
202021028,24,21,1,46,4,3,1,8,0,0,0,0,3,0,4,7,0,3,3,6,1222,1054,-2,2274,53,58,3,114,29,0,1,30,8,0,0,8,8,9,0,17,12,5,1,18,69,53,-8,114,1439,1199,2641
202021029,3,0,0,3,0,0,0,0,0,0,0,0,0,0,0,0,0,0,0,0,611,464,-3,1072,16,23,7,46,20,0,3,23,0,0,0,0,3,0,0,3,7,7,5,19,28,26,-4,50,691,521,1214
202021030,111,70,-3,178,4,3,-3,4,0,0,0,0,3,3,-3,3,3,0,0,3,1378,1163,-7,2534,82,101,-2,181,42,0,0,42,3,0,4,7,14,5,-6,13,16,9,-5,20,102,79,1,182,1747,1432,3178
202021031,140,86,-2,224,8,5,0,13,0,0,0,0,0,0,0,0,0,0,3,3,995,853,4,1852,49,54,-2,101,17,0,1,18,5,0,0,5,18,0,-4,14,8,8,3,19,32,31,3,66,1270,1040,2307
202031032,3,0,0,3,7,3,-2,8,0,0,0,0,0,0,0,0,0,0,0,0,747,572,5,1324,32,33,3,68,22,0,2,24,3,0,3,6,4,3,0,7,8,3,-2,9,46,28,1,75,876,646,1526
202031033,0,4,-4,0,0,3,0,3,0,0,0,0,0,0,0,0,0,0,0,0,798,643,-3,1438,32,39,1,72,40,3,-1,42,11,3,1,15,10,3,-2,11,27,8,-1,34,130,104,-1,233,1053,805,1851
203011034,18,5,-1,22,7,4,-2,9,0,0,0,0,0,0,0,0,0,0,0,0,1252,973,-8,2217,71,66,0,137,15,4,-2,17,3,0,0,3,3,3,-3,3,10,0,-1,9,23,21,4,48,1404,1069,2469
203011035,4,3,2,9,9,4,1,14,0,0,0,0,0,0,0,0,0,0,0,0,1282,990,-3,2269,48,39,-4,83,47,3,-4,46,9,0,-2,7,4,0,1,5,14,0,0,14,43,28,4,75,1452,1079,2530
203011036,5,4,6,15,9,4,1,14,0,0,0,0,0,0,0,0,4,0,0,4,995,773,-1,1767,55,22,6,83,37,0,0,37,3,0,2,5,6,5,2,13,15,3,1,19,55,34,-5,84,1185,850,2037
203021037,69,40,-7,102,70,80,4,154,0,0,0,0,0,0,0,0,4,3,3,10,2341,2105,0,4446,139,187,-4,322,22,0,2,24,20,3,-3,20,64,14,1,79,15,11,-5,21,67,68,2,137,2805,2509,5312
203021038,59,53,6,118,67,84,5,156,4,3,-1,6,0,0,0,0,14,12,4,30,3422,2706,-5,6123,301,296,-7,590,62,0,-1,61,21,7,-7,21,52,17,-8,61,32,18,-2,48,84,101,1,186,4117,3283,7403
203021039,144,95,-3,236,54,54,-2,106,0,0,0,0,0,0,0,0,10,20,-5,25,1898,1708,6,3612,115,183,-4,294,22,0,0,22,17,3,0,20,72,34,4,110,21,10,-5,26,283,409,1,693,2642,2511,5155
203021040,164,105,-5,264,58,87,-4,141,3,3,0,6,0,0,3,3,15,7,6,28,3361,3024,0,6385,177,229,3,409,36,0,0,36,23,0,3,26,121,30,3,154,28,8,6,42,173,215,2,390,4161,3711,7874
203021041,130,60,1,191,65,79,-2,142,0,0,0,0,0,0,0,0,5,8,-3,10,4280,3690,4,7974,208,274,-2,480,48,0,5,53,30,0,0,30,50,14,2,66,24,7,4,35,65,54,3,122,4915,4195,9111
203021042,158,62,-2,218,70,55,0,125,5,0,0,5,0,3,1,4,10,7,3,20,3855,3403,-3,7255,208,311,3,522,31,0,-3,28,23,0,-2,21,67,9,3,79,24,18,1,43,76,62,2,140,4529,3929,8458
203021043,198,166,2,366,11,11,2,24,3,0,0,3,0,0,0,0,3,3,6,12,3123,2604,3,5730,205,191,-4,392,66,0,4,70,26,4,-4,26,14,0,-3,11,24,16,2,42,56,51,-6,101,3728,3042,6768
203021044,24,15,1,40,30,42,2,74,3,0,0,3,0,0,0,0,3,0,1,4,2327,2077,-2,4402,111,142,3,256,36,0,4,40,11,0,2,13,8,3,-1,10,13,3,1,17,18,26,-5,39,2586,2314,4896
203021045,55,25,1,81,46,57,-2,101,0,0,3,3,0,0,0,0,5,7,8,20,2252,1941,-2,4191,157,171,0,328,43,0,3,46,17,4,-4,17,36,8,4,48,19,10,-5,24,56,43,2,101,2684,2275,4960
203021046,109,59,2,170,20,25,-3,42,0,0,0,0,3,4,-1,6,9,5,4,18,1613,1485,-1,3097,90,156,5,251,26,0,1,27,7,0,0,7,63,23,-1,85,12,11,-5,18,145,127,-6,266,2093,1888,3986
203021047,94,63,0,157,42,54,-4,92,5,0,-2,3,0,0,0,0,13,4,-4,13,2304,1977,4,4285,140,205,-5,340,33,0,2,35,22,0,-3,19,38,17,-2,53,23,3,2,28,63,48,4,115,2774,2375,5151
203031048,28,18,1,47,34,32,-2,64,0,0,3,3,3,0,1,4,0,0,0,0,2147,1947,-1,4093,123,127,6,256,38,0,0,38,17,0,-5,12,12,4,0,16,22,3,-2,23,37,34,-2,69,2451,2165,4618
203031049,11,6,-2,15,7,4,-3,8,0,0,0,0,4,4,-4,4,0,0,0,0,739,654,-2,1391,46,37,-8,75,16,0,0,16,4,0,0,4,8,12,0,20,10,7,4,21,68,72,-2,138,907,788,1698
203031050,97,58,1,156,31,33,5,69,0,0,0,0,5,6,-1,10,0,3,0,3,4073,3570,-4,7639,143,200,3,346,78,4,-1,81,19,0,2,21,60,21,-8,73,29,20,2,51,121,109,0,230,4655,4020,8674
203031051,8,10,-4,14,11,10,5,26,0,0,0,0,0,0,0,0,0,0,0,0,863,721,-3,1581,29,42,-5,66,13,0,0,13,9,0,6,15,7,0,3,10,5,3,0,8,33,33,-3,63,977,816,1797
203031052,17,3,1,21,3,4,2,9,0,0,3,3,0,4,0,4,0,0,0,0,462,418,-3,877,16,20,-2,34,7,0,0,7,4,0,0,4,6,9,0,15,6,0,-1,5,34,30,6,70,561,491,1056
203031053,90,67,2,159,24,26,0,50,0,0,0,0,4,5,-5,4,0,0,3,3,3234,2748,-2,5980,153,175,5,333,42,0,0,42,11,0,7,18,47,16,0,63,26,15,2,43,92,107,-6,193,3720,3164,6882
204011054,0,0,0,0,14,14,-4,24,0,0,0,0,0,0,3,3,0,0,0,0,885,741,-4,1622,54,48,0,102,24,0,-2,22,11,3,3,17,18,0,2,20,14,11,3,28,95,102,-5,192,1118,911,2033
204011055,4,0,2,6,3,0,5,8,0,0,0,0,0,0,0,0,0,0,0,0,827,760,3,1590,51,44,2,97,38,0,0,38,9,0,-5,4,9,9,-6,12,14,7,-3,18,79,75,-1,153,1026,899,1927
204011056,84,75,-2,157,8,0,2,10,0,0,0,0,0,0,0,0,0,0,0,0,2354,1902,1,4257,131,125,5,261,63,3,-1,65,10,0,-3,7,9,0,0,9,14,13,-3,24,51,56,5,112,2728,2170,4895
204011057,3,3,0,6,28,20,-6,42,0,0,0,0,0,3,0,3,0,3,0,3,1188,1069,6,2263,103,80,1,184,34,0,0,34,3,0,0,3,22,8,1,31,36,20,-2,54,179,165,2,346,1595,1367,2970
204011058,3,3,1,7,4,0,0,4,0,0,0,0,3,0,0,3,0,0,0,0,613,501,4,1118,36,41,-4,73,17,0,1,18,7,0,2,9,3,8,5,16,6,4,4,14,58,43,-6,95,753,601,1355
204011059,24,22,-4,42,0,5,0,5,0,0,0,0,0,0,0,0,4,3,-4,3,904,761,1,1666,72,63,-6,129,22,0,0,22,5,0,0,5,19,0,0,19,7,0,1,8,61,70,-2,129,1103,919,2025
204011060,17,10,1,28,9,9,2,20,0,0,0,0,0,0,0,0,0,0,0,0,776,497,0,1273,50,24,2,76,27,0,0,27,9,0,0,9,19,0,0,19,10,5,-1,14,173,35,-4,204,1095,579,1669
204011061,0,0,0,0,0,0,0,0,0,0,0,0,0,0,0,0,0,0,0,0,33,18,2,53,0,4,3,7,0,0,0,0,0,0,0,0,0,0,0,0,0,0,0,0,0,0,0,0,35,21,57
204011062,0,5,3,8,0,0,3,3,0,0,0,0,0,0,0,0,0,0,0,0,517,390,3,910,22,27,-2,47,20,0,-4,16,4,0,0,4,3,0,0,3,14,3,-5,12,43,35,-4,74,621,465,1082
204021063,0,3,0,3,4,8,0,12,3,4,-4,3,0,3,0,3,6,0,0,6,1478,1288,1,2767,98,98,1,197,33,0,0,33,10,0,0,10,30,16,-5,41,16,5,3,24,82,106,-5,183,1774,1518,3289
204021064,0,0,3,3,4,0,-1,3,0,0,0,0,0,0,0,0,0,0,0,0,556,456,0,1012,27,35,-3,59,30,7,-6,31,8,0,2,10,3,0,0,3,16,0,2,18,35,32,-1,66,668,528,1197
204021065,3,0,0,3,3,0,0,3,0,0,0,0,0,0,0,0,0,0,0,0,640,574,1,1215,35,34,1,70,11,0,0,11,3,0,0,3,8,0,5,13,3,0,0,3,42,36,-4,74,751,646,1399
204021066,3,0,0,3,14,12,3,29,3,0,0,3,0,0,0,0,9,6,-3,12,2912,2597,3,5512,185,207,2,394,37,0,0,37,16,6,-6,16,89,37,7,133,21,8,-2,27,168,206,-2,372,3463,3090,6554
204021067,3,0,0,3,11,4,-3,12,0,0,0,0,0,4,0,4,3,4,0,7,1620,1404,1,3025,65,91,-1,155,69,0,-1,68,21,9,2,32,13,0,-2,11,19,8,1,28,117,83,0,200,1944,1604,3549
204031068,4,0,1,5,7,5,-3,9,0,0,0,0,0,0,0,0,0,0,0,0,637,619,-4,1252,23,43,-7,59,10,0,0,10,5,0,0,5,12,4,-2,14,13,9,-3,19,53,68,2,123,760,745,1506
204031069,5,0,0,5,20,19,0,39,0,0,0,0,0,0,0,0,0,0,4,4,1016,919,-5,1930,78,105,6,189,25,0,0,25,16,3,6,25,32,19,-5,46,52,22,-1,73,195,178,-2,371,1447,1268,2715
204031070,0,0,0,0,0,0,0,0,0,0,0,0,0,0,0,0,0,0,0,0,560,524,-1,1083,25,23,-6,42,29,0,0,29,6,0,0,6,0,0,0,0,4,0,0,4,14,19,-4,29,646,562,1206
204031071,0,0,0,0,0,3,0,3,0,0,0,0,0,0,0,0,0,0,0,0,715,620,-5,1330,42,50,-4,88,15,0,1,16,8,0,0,8,7,7,0,14,10,9,-6,13,58,50,-3,105,859,734,1592
204031072,0,0,0,0,5,8,-3,10,0,0,0,0,0,0,0,0,0,0,0,0,849,688,-5,1532,37,51,-2,86,27,5,-5,27,29,5,1,35,7,6,-6,7,20,10,-3,27,96,92,1,189,1059,858,1917
204031073,0,3,0,3,10,21,-4,27,3,3,0,6,0,0,0,0,0,7,4,11,2845,2482,1,5328,178,189,-5,362,48,3,-2,49,29,0,0,29,45,9,-5,49,17,9,-1,25,47,49,-6,90,3217,2769,5984
204031074,9,5,-3,11,30,24,-6,48,0,0,0,0,0,3,-3,0,9,10,2,21,4452,3643,-3,8092,268,291,-2,557,68,3,6,77,36,0,5,41,83,17,2,102,52,22,-4,70,401,192,1,594,5411,4203,9616
204031075,0,0,3,3,10,7,-3,14,0,0,0,0,0,0,0,0,3,0,0,3,769,733,-1,1501,32,44,0,76,28,0,2,30,12,3,2,17,4,0,-1,3,11,9,-4,16,64,40,-5,99,931,826,1759
205011076,68,49,-7,110,13,7,-3,17,0,0,3,3,0,0,3,3,6,3,-4,5,2645,2137,-2,4780,130,114,3,247,76,0,1,77,21,5,-7,19,10,3,-1,12,13,12,1,26,72,62,1,135,3046,2389,5436
205011077,6,3,2,11,5,4,0,9,0,0,0,0,0,0,0,0,0,0,0,0,929,744,0,1673,34,56,-2,88,31,0,0,31,9,3,1,13,8,0,0,8,21,12,-6,27,71,39,5,115,1121,857,1978
205011078,8,12,8,28,9,4,0,13,0,0,0,0,0,0,0,0,0,0,0,0,1209,1058,-3,2264,63,68,0,131,35,0,1,36,3,0,0,3,4,0,0,4,16,9,-3,22,72,53,-7,118,1414,1203,2619
205011079,75,55,-1,129,20,8,2,30,0,0,0,0,3,0,0,3,11,3,3,17,3083,2661,9,5753,223,223,-4,442,65,3,6,74,19,8,3,30,19,4,1,24,34,12,3,49,144,111,4,259,3706,3097,6801
205021080,0,0,0,0,0,0,0,0,0,0,0,0,0,0,0,0,0,0,0,0,0,0,0,0,0,0,0,0,0,0,0,0,0,0,0,0,0,0,0,0,0,0,4,4,0,0,0,0,0,0,4
205021081,0,3,1,4,13,10,-5,18,0,0,0,0,0,0,0,0,6,5,-2,9,2129,1917,-2,4044,141,155,-1,295,44,0,0,44,12,0,2,14,48,18,0,66,19,5,3,27,78,99,5,182,2501,2216,4715
205021082,3,0,3,6,16,9,-6,19,0,0,0,0,0,0,0,0,0,0,0,0,1201,1011,5,2217,58,75,0,133,46,3,-2,47,10,0,0,10,11,0,0,11,30,13,-4,39,84,61,4,149,1454,1178,2632
205021083,0,0,0,0,0,0,0,0,0,0,0,0,0,0,0,0,0,0,0,0,0,0,0,0,0,0,0,0,0,0,0,0,0,0,0,0,0,0,0,0,0,0,0,0,0,0,0,0,0,0,0
205021084,4,4,3,11,4,8,1,13,0,0,0,0,0,0,4,4,7,0,0,7,1169,1122,4,2295,82,91,1,174,35,0,-2,33,0,0,0,0,7,4,2,13,33,13,-3,43,60,63,4,127,1398,1307,2709
205021085,3,3,-3,3,4,0,4,8,0,0,0,0,0,0,0,0,0,0,0,0,641,596,2,1239,41,32,1,74,28,0,0,28,9,0,0,9,18,17,-6,29,23,7,-3,27,119,99,0,218,881,755,1635
205021086,0,0,4,4,6,0,0,6,4,0,0,4,0,0,0,0,3,0,0,3,727,675,1,1403,39,45,2,86,20,0,0,20,3,0,0,3,4,0,0,4,11,0,6,17,33,25,5,63,863,752,1616
205031087,0,0,0,0,11,3,-4,10,0,0,0,0,0,0,0,0,3,0,0,3,1060,899,1,1960,40,63,5,108,26,3,0,29,25,3,2,30,8,3,2,13,27,13,-3,37,146,96,7,249,1345,1092,2436
205031088,0,0,0,0,0,0,0,0,0,0,0,0,0,0,0,0,0,0,0,0,5,8,4,17,0,0,0,0,0,0,0,0,0,0,0,0,0,0,0,0,0,0,0,0,0,0,0,0,11,8,19
205031089,0,3,0,3,3,6,5,14,0,0,0,0,0,0,0,0,0,0,0,0,1380,1182,6,2568,85,79,1,165,52,0,3,55,14,3,3,20,3,0,0,3,19,5,3,27,77,66,7,150,1649,1350,2998
205031090,3,5,2,10,16,6,-4,18,0,0,0,0,3,0,-3,0,0,0,0,0,1656,1386,-1,3041,92,92,-1,183,34,0,2,36,23,3,2,28,18,3,-5,16,20,13,0,33,152,127,3,282,2015,1644,3655
205031091,13,3,1,17,17,9,-6,20,0,0,0,0,3,0,0,3,3,0,0,3,1403,1245,0,2648,76,86,0,162,28,0,6,34,7,6,6,19,25,9,4,38,13,5,4,22,74,73,-1,146,1660,1443,3103
205031092,0,0,0,0,0,0,0,0,0,0,0,0,0,0,0,0,0,0,0,0,3,0,2,5,0,0,0,0,0,0,0,0,0,0,0,0,0,0,0,0,0,0,0,0,3,0,0,3,6,0,4
205031093,8,3,3,14,17,13,2,32,0,0,0,0,9,0,-4,5,0,4,-1,3,3017,2529,4,5550,170,163,-3,330,63,0,-2,61,14,0,0,14,46,12,1,59,32,18,0,50,164,166,1,331,3542,2916,6457
205041094,11,3,-1,13,19,18,-5,32,3,0,-3,0,0,0,0,0,0,0,0,0,1851,1648,2,3501,90,109,2,201,37,0,0,37,15,3,-2,16,4,0,5,9,14,8,0,22,53,36,5,94,2092,1822,3919
205041095,33,19,-1,51,34,16,0,50,0,4,0,4,0,0,0,0,11,3,1,15,2341,2041,1,4383,164,148,4,316,33,0,0,33,15,0,0,15,14,6,4,24,14,7,-4,17,48,51,-3,96,2703,2301,5003
205041096,25,12,5,42,20,19,3,42,0,0,0,0,0,0,0,0,8,7,-6,9,1710,1461,0,3171,126,120,7,253,32,0,0,32,11,0,0,11,11,9,1,21,20,7,-3,24,63,53,0,116,2029,1688,3716
205041097,21,17,-1,37,49,38,-4,83,3,0,0,3,3,0,1,4,13,18,-5,26,4674,4161,-2,8833,288,289,6,583,44,3,-1,46,24,3,-2,25,47,8,-2,53,43,10,5,58,131,130,-1,260,5344,4672,10018
205041098,0,4,-1,3,3,0,3,6,0,0,0,0,0,0,0,0,0,0,0,0,865,699,-1,1563,36,35,-4,67,26,0,0,26,5,0,1,6,0,0,3,3,6,0,1,7,13,13,4,30,966,753,1716
205051099,0,0,0,0,0,0,0,0,0,0,0,0,0,0,0,0,0,0,0,0,4,0,0,4,0,0,0,0,0,0,0,0,0,0,0,0,0,0,0,0,0,0,0,0,4,0,1,5,10,4,14
205051100,0,3,2,5,8,0,0,8,0,0,0,0,0,0,0,0,0,0,0,0,561,467,0,1028,25,46,0,71,12,0,0,12,11,3,0,14,8,0,1,9,25,3,3,31,73,26,3,102,724,548,1272
205051101,9,4,-1,12,13,8,6,27,0,0,3,3,0,0,0,0,4,0,0,4,2096,1843,1,3940,124,124,0,248,55,4,5,64,36,9,0,45,29,3,-1,31,48,13,3,64,145,104,-1,248,2558,2120,4683
205051102,0,0,0,0,3,0,0,3,0,0,0,0,0,0,0,0,0,0,0,0,612,539,2,1153,30,20,0,50,22,0,0,22,24,8,0,32,0,3,0,3,12,8,-6,14,48,42,7,97,764,617,1378
205051103,4,3,-3,4,20,3,-2,21,0,0,0,0,0,0,0,0,7,11,-3,15,2245,2010,-4,4251,182,204,0,386,23,0,-2,21,14,0,0,14,71,26,6,103,68,9,5,82,131,148,-4,275,2770,2405,5173
205051104,0,4,0,4,5,0,0,5,0,0,0,0,0,0,0,0,0,0,0,0,660,591,1,1252,41,34,1,76,23,0,-3,20,18,7,3,28,10,4,-2,12,21,13,-4,30,58,59,2,119,834,717,1546
206011105,718,687,6,1411,35,41,0,76,6,0,0,6,1054,1425,-2,2477,15,20,0,35,2564,2242,0,4806,105,195,-4,296,16,0,0,16,92,9,8,109,1081,757,-2,1836,57,32,2,91,320,362,2,684,6060,5770,11827
206011106,42,45,0,87,20,28,-2,46,0,0,0,0,737,1000,-2,1735,9,8,5,22,1153,1090,7,2250,48,86,-4,130,12,0,0,12,38,5,-3,40,423,300,2,725,24,15,4,43,129,151,1,281,2628,2733,5370
206011107,119,129,-2,246,26,46,1,73,0,0,0,0,566,639,-1,1204,13,7,1,21,1661,1459,4,3124,80,135,3,218,14,0,0,14,46,18,-1,63,385,236,-4,617,18,21,1,40,74,119,-2,191,2995,2803,5797
206011108,736,657,2,1395,65,86,-2,149,0,4,0,4,510,735,1,1246,15,9,2,26,3365,2673,0,6038,140,236,3,379,37,3,-1,39,75,8,5,88,518,287,3,808,49,21,-1,69,147,193,1,341,5666,4914,10581
206011109,159,176,3,338,22,14,3,39,0,0,0,0,141,171,-2,310,4,3,3,10,1552,1293,6,2851,85,110,3,198,24,0,4,28,22,0,1,23,80,29,-2,107,16,6,8,30,33,24,7,64,2144,1839,3987
206021110,479,496,0,975,34,33,0,67,0,0,0,0,3,5,4,12,5,0,1,6,1156,1038,-1,2193,48,89,3,140,15,0,0,15,21,4,3,28,201,97,5,303,18,11,1,30,61,87,1,149,2035,1877,3908
206021111,962,1061,-3,2020,80,99,7,186,4,0,0,4,374,621,-3,992,5,7,7,19,2613,2660,-1,5272,96,192,0,288,20,0,0,20,68,9,9,86,774,514,4,1292,36,23,-1,58,197,260,2,459,5236,5450,10683
206021112,451,441,3,895,71,66,3,140,3,0,0,3,308,479,3,790,10,5,-1,14,2273,2218,-2,4489,91,155,-1,245,28,0,-1,27,46,9,1,56,456,243,1,700,23,14,-1,36,110,136,-1,245,3862,3774,7637
206031113,432,426,0,858,5,20,7,32,0,0,0,0,166,269,1,436,15,8,-4,19,2104,1744,-4,3844,85,181,7,273,9,0,0,9,43,6,-1,48,204,75,-3,276,18,20,1,39,82,124,-2,204,3170,2876,6044
206031114,768,751,2,1521,54,48,-1,101,0,0,4,4,145,291,1,437,16,16,-2,30,4465,3757,-2,8220,198,354,-2,550,48,4,-6,46,60,3,7,70,148,43,-3,188,41,27,0,68,130,164,0,294,6068,5462,11525
206031115,366,375,-1,740,0,7,2,9,0,0,0,0,222,347,-3,566,11,3,-1,13,872,723,3,1598,26,75,3,104,3,0,0,3,25,3,2,30,173,87,4,264,10,14,2,26,96,112,2,210,1808,1751,3560
206031116,486,507,3,996,19,34,2,55,0,0,0,0,166,249,-1,414,6,4,2,12,2069,1646,-4,3711,85,180,-3,262,27,0,0,27,43,14,-2,55,151,44,-7,188,33,17,4,54,152,161,4,317,3227,2859,6087
206041117,99,102,-1,200,61,64,2,127,0,0,5,5,539,631,-3,1167,10,4,-2,12,700,496,-6,1190,48,65,1,114,6,0,3,9,18,11,1,30,249,160,2,411,18,17,1,36,872,934,-5,1801,2613,2482,5097
206041118,121,114,2,237,17,21,-1,37,0,0,0,0,849,785,2,1636,6,10,-1,15,830,479,-5,1304,39,82,-1,120,3,0,0,3,25,4,3,32,49,25,6,80,39,9,-5,43,879,551,0,1430,2856,2075,4933
206041119,64,72,2,138,17,28,-1,44,0,0,0,0,165,190,4,359,8,5,5,18,431,370,-1,800,20,45,-5,60,0,0,0,0,8,0,2,10,68,37,1,106,14,15,-4,25,419,401,-5,815,1217,1169,2389
206041120,3,5,2,10,0,0,0,0,0,0,0,0,0,0,0,0,0,0,0,0,10,4,-2,12,0,0,0,0,0,0,0,0,0,0,0,0,0,0,0,0,0,0,0,0,4,3,-3,4,16,16,32
206041121,730,744,5,1479,33,90,3,126,0,0,0,0,34,52,2,88,10,9,-5,14,1229,1107,-3,2333,52,110,0,162,14,0,0,14,31,4,5,40,279,140,-3,416,29,12,-4,37,122,179,-1,300,2574,2448,5015
206041122,672,670,3,1345,134,112,-4,242,3,0,0,3,1866,1910,-4,3772,30,32,0,62,839,496,-2,1333,54,101,6,161,0,0,0,0,39,9,3,51,174,50,1,225,56,25,0,81,3123,2601,0,5724,6993,6012,13009
206041123,290,281,2,573,53,66,4,123,0,0,0,0,712,833,-1,1544,22,25,2,49,1292,1002,-1,2293,62,129,-4,187,7,0,0,7,49,11,1,61,347,198,1,546,49,32,-4,77,1197,1196,3,2396,4091,3769,7857
206041124,79,77,3,159,14,9,1,24,0,0,0,0,215,260,2,477,7,8,2,17,474,431,5,910,26,48,2,76,0,0,0,0,12,0,-1,11,165,125,-1,289,12,8,2,22,254,306,0,560,1252,1279,2539
206041125,74,78,-1,151,15,25,-6,34,0,0,0,0,284,320,-5,599,10,9,-2,17,570,506,-3,1073,25,42,2,69,0,0,0,0,30,0,1,31,118,59,3,180,17,10,-2,25,237,296,1,534,1376,1344,2721
206041126,269,286,-2,553,45,57,-5,97,4,0,3,7,941,1113,2,2056,28,21,-1,48,1387,820,1,2208,67,148,-4,211,7,0,0,7,49,5,4,58,187,76,6,269,45,30,6,81,1949,1554,-1,3502,4975,4122,9091
206041127,0,0,0,0,0,0,0,0,0,0,0,0,0,0,0,0,0,0,0,0,0,0,0,0,0,0,0,0,0,0,0,0,0,0,0,0,0,0,0,0,0,0,0,0,0,0,0,0,0,0,0
206051128,41,32,-1,72,20,23,-3,40,3,0,0,3,806,859,6,1671,16,22,-3,35,1780,1444,-4,3220,69,140,1,210,6,0,2,8,57,5,-2,60,236,119,-1,354,41,36,-8,69,388,380,-2,766,3451,3051,6506
206051129,413,473,1,887,51,91,1,143,0,0,0,0,186,333,-2,517,19,15,-1,33,2343,2346,1,4690,82,129,5,216,9,0,0,9,73,13,4,90,291,157,-5,443,26,13,5,44,140,169,-1,308,3632,3747,7380
206051130,26,18,-5,39,146,190,1,337,0,0,0,0,483,620,2,1105,22,21,-1,42,2280,1949,-3,4226,98,195,-3,290,19,0,0,19,71,11,1,83,334,175,6,515,30,41,-1,70,271,310,7,588,3786,3535,7317
206051131,0,0,0,0,0,0,0,0,0,0,0,0,0,0,0,0,0,0,0,0,4,3,-4,3,0,0,0,0,0,0,0,0,0,0,0,0,0,0,0,0,0,0,0,0,0,0,0,0,6,3,5
206051132,27,55,0,82,10,12,-1,21,0,0,5,5,644,678,-2,1320,17,10,0,27,1155,908,-3,2060,47,94,-5,136,8,0,0,8,37,9,0,46,152,93,-4,241,29,19,-2,46,521,543,7,1071,2644,2418,5065
206051133,352,329,-1,680,83,97,1,181,4,0,-1,3,1637,1924,-2,3559,29,20,0,49,3127,2539,-1,5665,124,194,-3,315,16,0,1,17,101,18,4,123,447,243,0,690,74,39,3,116,556,641,-3,1194,6560,6046,12608
206051134,789,799,-1,1587,37,43,4,84,0,0,3,3,357,453,5,815,17,17,-6,28,2226,1958,1,4185,108,172,5,285,14,3,-1,16,62,12,5,79,253,106,2,361,36,31,-5,62,215,295,0,510,4116,3887,8008
206061135,484,473,0,957,3,10,-1,12,0,0,0,0,104,170,0,274,4,0,0,4,1170,1005,6,2181,28,72,3,103,3,0,0,3,20,0,0,20,63,19,-2,80,19,20,0,39,72,117,-5,184,1977,1886,3859
206061136,973,925,4,1902,44,55,-4,95,0,0,7,7,549,679,0,1228,15,16,-2,29,2436,2177,4,4617,82,164,-1,245,9,0,-1,8,56,9,3,68,330,143,-5,468,32,29,1,62,557,689,2,1248,5103,4885,9985
206061137,1466,1541,5,3012,50,76,0,126,0,0,0,0,243,397,-1,639,31,18,4,53,2106,1686,6,3798,79,175,-3,251,6,0,0,6,47,11,-5,53,318,143,3,464,47,30,1,78,761,885,2,1648,5154,4964,10120
206061138,348,276,1,625,29,42,1,72,0,0,0,0,142,206,-1,347,9,5,-1,13,1845,1415,0,3260,61,131,1,193,3,0,4,7,25,4,-4,25,110,37,-7,140,22,23,-2,43,154,166,-2,318,2750,2300,5052
206071139,226,238,5,469,67,78,-1,144,3,0,0,3,354,426,5,785,10,6,-2,14,971,738,1,1710,42,78,-1,119,4,0,0,4,31,3,0,34,258,131,0,389,24,16,-5,35,263,249,4,516,2243,1971,4215
206071140,22,28,2,52,56,52,5,113,0,0,0,0,405,517,-8,914,4,8,-4,8,793,741,-4,1530,35,74,0,109,0,0,0,0,34,9,2,45,407,281,-4,684,10,15,-1,24,224,304,2,530,1984,2025,4008
206071141,115,105,1,221,49,68,4,121,0,0,0,0,367,373,3,743,13,7,3,23,702,549,-2,1249,34,49,1,84,6,0,0,6,26,5,4,35,241,146,-1,386,16,13,6,35,442,469,0,911,2011,1799,3807
206071142,55,49,1,105,21,21,-3,39,7,4,-5,6,449,494,0,943,18,13,2,33,751,587,-2,1336,35,70,-6,99,3,0,0,3,26,4,4,34,267,188,4,459,14,18,-8,24,605,689,1,1295,2248,2141,4388
206071143,119,113,6,238,28,37,3,68,3,0,0,3,594,778,4,1376,9,11,-6,14,1131,1064,4,2199,41,89,-4,126,9,0,0,9,38,9,-5,42,546,442,2,990,33,20,-2,51,198,321,8,527,2754,2882,5637
206071144,1114,1032,-5,2141,45,40,-2,83,3,0,0,3,1205,1394,3,2602,22,31,-1,52,3726,3036,-4,6758,133,262,-1,394,24,0,-3,21,90,11,2,103,675,334,2,1011,59,42,5,106,1049,1244,-1,2292,8142,7439,15576
206071145,405,429,1,835,32,45,0,77,0,0,0,0,58,44,-5,97,6,4,1,11,1032,1009,-6,2035,37,50,-3,84,9,0,0,9,29,10,-2,37,324,194,0,518,18,6,-6,18,99,136,0,235,2041,1920,3957
207011146,321,240,0,561,12,12,0,24,0,0,0,0,3,9,2,14,3,0,0,3,1018,918,9,1945,33,52,7,92,7,0,5,12,16,0,0,16,91,14,-5,100,15,7,-7,15,48,35,4,87,1567,1293,2863
207011147,202,156,-2,356,107,85,3,195,0,0,0,0,134,174,1,309,4,5,1,10,2179,1807,3,3989,81,193,-1,273,19,0,0,19,18,5,3,26,54,12,-7,59,21,22,3,46,75,94,2,171,2887,2556,5441
207011148,101,66,4,171,299,240,-3,536,3,0,0,3,160,154,2,316,15,3,-1,17,3064,2522,9,5595,130,277,3,410,13,3,-1,15,26,0,-1,25,62,4,-4,62,29,16,-4,41,72,63,3,138,3965,3353,7319
207011149,765,606,-2,1369,12,23,-2,33,0,0,0,0,139,168,0,307,13,6,-1,18,2739,2507,-2,5244,110,198,-7,301,19,0,1,20,31,5,-1,35,153,21,3,177,23,12,1,36,141,156,-3,294,4141,3690,7829
207011150,577,457,-5,1029,13,28,-2,39,0,0,0,0,44,54,3,101,5,0,6,11,2423,2192,-4,4611,89,161,3,253,12,0,6,18,22,4,1,27,177,31,2,210,22,19,1,42,85,85,-3,167,3471,3033,6510
207011151,1028,932,-5,1955,25,7,-2,30,0,0,0,0,462,583,2,1047,15,12,6,33,2720,2449,6,5175,94,194,4,292,4,0,0,4,45,12,0,57,262,100,-2,360,39,22,-5,56,428,489,1,918,5125,4806,9932
207011152,700,668,-2,1366,9,11,-2,18,0,0,0,0,159,159,-2,316,18,10,0,28,2046,1816,-4,3858,74,140,-4,210,6,0,0,6,29,0,6,35,142,22,0,164,30,15,-4,41,190,244,4,438,3396,3093,6481
207011153,167,135,4,306,175,204,1,380,0,0,0,0,494,527,-5,1016,14,20,1,35,3543,2978,-4,6517,145,296,1,442,18,0,0,18,50,0,4,54,220,65,1,286,53,28,1,82,220,262,1,483,5095,4519,9614
207011154,11,10,-4,17,102,110,2,214,0,0,0,0,105,96,-4,197,4,0,0,4,990,826,-4,1812,37,74,-4,107,3,0,0,3,16,0,0,16,42,4,5,51,10,3,2,15,45,31,-6,70,1362,1158,2525
207011155,722,553,-5,1270,13,12,1,26,0,0,0,0,44,64,4,112,11,0,3,14,2207,1857,-6,4058,74,152,-2,224,10,0,0,10,18,0,3,21,86,18,-1,103,23,12,4,39,80,96,3,179,3279,2771,6054
207021156,32,31,0,63,208,177,-2,383,0,0,0,0,4,7,-3,8,5,0,-1,4,1822,1419,4,3245,68,162,3,233,26,0,0,26,20,3,-1,22,15,0,0,15,15,14,-4,25,23,20,2,45,2225,1825,4056
207021157,51,46,0,97,462,459,2,923,0,0,0,0,3,7,0,10,10,3,3,16,3073,2336,-1,5408,133,282,-2,413,27,0,-3,24,31,0,7,38,17,4,0,21,27,15,-3,39,109,113,1,223,3955,3270,7220
207021159,40,30,-3,67,266,270,-1,535,0,0,0,0,3,0,0,3,5,0,3,8,2777,2249,-1,5025,110,239,2,351,28,0,0,28,16,0,3,19,6,0,7,13,18,13,-4,27,38,28,-8,58,3313,2823,6139
207021160,20,20,2,42,282,274,-3,553,0,0,0,0,0,0,3,3,9,4,-1,12,2115,1664,-3,3776,87,164,2,253,21,0,0,21,13,4,0,17,19,0,0,19,18,11,1,30,14,28,3,45,2608,2161,4768
207021424,43,34,-7,70,304,280,-2,582,0,0,0,0,0,3,0,3,3,0,0,3,2435,1965,0,4400,99,183,2,284,30,0,0,30,18,0,0,18,11,0,0,11,21,16,-2,35,24,26,-5,45,2978,2501,5478
207021425,54,46,2,102,294,315,-7,602,0,0,0,0,3,0,0,3,4,7,0,11,2010,1617,-2,3625,72,199,6,277,26,0,0,26,13,0,0,13,9,3,5,17,18,11,-3,26,40,52,0,92,2550,2248,4795
207031161,712,535,-2,1245,101,119,-3,217,0,0,0,0,4,9,-1,12,8,10,1,19,3024,2548,0,5572,127,260,-2,385,28,0,0,28,27,0,3,30,87,18,2,107,39,15,0,54,112,103,2,217,4263,3618,7881
207031162,157,118,3,278,32,44,-5,71,0,0,0,0,5,8,3,16,3,0,4,7,1535,1395,-5,2925,70,117,2,189,23,0,0,23,13,0,-5,8,26,0,0,26,16,3,0,19,34,34,-1,67,1915,1722,3637
207031163,606,523,-5,1124,91,131,4,226,0,0,0,0,37,43,0,80,7,3,-1,9,2384,1987,2,4373,101,210,-1,310,22,0,-1,21,31,3,-1,33,60,10,-2,68,22,10,0,32,235,288,0,523,3594,3211,6808
207031164,302,231,3,536,126,157,3,286,0,0,0,0,19,16,-1,34,3,5,4,12,2579,2134,-2,4711,99,223,-3,319,36,0,0,36,31,0,1,32,54,13,-1,66,26,10,3,39,107,147,2,256,3386,2944,6327
207031165,108,106,-1,213,45,60,1,106,0,0,0,0,102,120,0,222,5,3,-3,5,1456,1208,0,2664,77,144,-4,217,10,0,0,10,17,0,0,17,22,3,1,26,18,11,3,32,78,71,0,149,1929,1728,3657
207031166,124,90,1,215,23,39,-2,60,0,0,0,0,59,51,-7,103,0,0,4,4,1553,1213,1,2767,67,151,-1,217,14,0,0,14,11,0,-3,8,13,3,-1,15,21,10,3,34,29,26,0,55,1917,1587,3502
207031167,445,371,-1,815,12,21,2,35,0,0,0,0,40,38,6,84,0,0,3,3,1384,1270,-2,2652,49,99,-2,146,15,0,0,15,24,0,-4,20,43,4,7,54,10,7,5,22,74,73,0,147,2095,1882,3981
208011168,201,139,6,346,21,24,-5,40,0,0,0,0,0,0,0,0,0,4,0,4,2141,1935,-1,4075,72,119,3,194,21,0,0,21,18,4,-3,19,60,15,0,75,27,13,-3,37,37,66,3,106,2601,2319,4917
208011169,846,695,6,1547,27,24,-6,45,3,0,0,3,9,3,2,14,11,10,-4,17,3108,2518,1,5627,84,163,6,253,12,0,0,12,30,7,-5,32,147,43,-2,188,52,19,0,71,133,163,0,296,4457,3645,8105
208011170,362,273,5,640,18,18,-5,31,0,0,0,0,38,33,-1,70,14,9,-5,18,2335,2027,0,4362,75,172,2,249,18,0,0,18,23,0,5,28,85,20,-5,100,33,13,2,48,52,50,0,102,3051,2614,5664
208011171,326,278,-3,601,20,23,-4,39,0,0,0,0,0,0,0,0,3,3,3,9,1668,1510,-2,3176,63,117,-2,178,9,0,0,9,28,3,-5,26,64,12,-5,71,20,4,-3,21,50,67,-3,114,2248,2011,4257
208011172,586,459,2,1047,20,33,7,60,0,0,0,0,4,9,-3,10,7,8,0,15,2518,2193,-1,4710,82,139,1,222,17,0,0,17,25,5,-4,26,101,28,3,132,32,19,1,52,96,130,-1,225,3498,3027,6522
208011173,470,352,4,826,19,32,8,59,0,0,0,0,0,0,0,0,8,4,4,16,2433,2103,1,4537,87,137,-4,220,17,0,0,17,25,0,5,30,115,22,-1,136,27,10,0,37,91,108,1,200,3290,2777,6069
208021174,789,614,5,1408,42,48,6,96,0,0,0,0,15,10,0,25,3,3,5,11,3235,2884,-2,6117,123,223,3,349,31,0,0,31,44,5,-3,46,134,26,-4,156,46,24,-6,64,115,154,5,274,4578,3993,8578
208021176,957,874,1,1832,47,57,1,105,0,0,0,0,31,68,-2,97,10,4,4,18,2457,1975,-3,4429,95,140,-3,232,23,0,0,23,21,3,5,29,106,18,4,128,22,15,-7,30,79,128,0,207,3857,3285,7141
208021177,603,502,5,1110,28,39,-1,66,7,0,0,7,209,234,-1,442,16,8,-2,22,3040,2415,4,5459,95,205,6,306,13,0,0,13,36,8,-5,39,147,44,-3,188,40,26,2,68,147,172,-4,315,4372,3660,8026
208021178,357,287,-6,638,23,36,1,60,0,0,0,0,120,145,4,269,7,5,2,14,2687,2395,6,5088,74,168,-2,240,33,0,1,34,29,3,0,32,94,9,2,105,20,20,-5,35,67,81,2,150,3526,3144,6670
208021179,495,489,-1,983,18,58,-2,74,0,0,0,0,52,68,0,120,3,8,-1,10,1545,1373,-1,2917,55,97,-4,148,9,0,0,9,32,0,0,32,105,36,6,147,17,18,3,38,109,125,-2,232,2441,2275,4714
208021180,383,319,0,702,27,35,-3,59,3,0,0,3,4,3,-2,5,5,0,0,5,1088,914,3,2005,51,71,0,122,8,0,0,8,7,0,2,9,31,11,-1,41,8,7,0,15,37,62,5,104,1651,1418,3073
208021181,477,409,-3,883,26,24,5,55,0,0,0,0,3,3,-3,3,7,4,-1,10,1404,1156,-1,2559,41,93,-6,128,11,0,3,14,11,0,0,11,53,18,6,77,15,7,-6,16,43,46,1,90,2089,1769,3852
208021182,665,522,-3,1184,52,51,4,107,0,0,0,0,52,35,-4,83,5,6,5,16,1841,1563,1,3405,76,132,1,209,21,0,0,21,39,0,0,39,75,17,-4,88,23,13,1,37,70,103,3,176,2925,2447,5366
208021426,271,222,-6,487,41,54,0,95,0,0,0,0,3,4,-3,4,10,9,-3,16,2324,2090,2,4416,80,150,-8,222,39,0,0,39,22,0,0,22,69,16,-6,79,23,16,0,39,55,73,-2,126,2927,2627,5558
208021427,204,167,-1,370,40,44,0,84,0,0,0,0,3,5,1,9,7,6,-1,12,2187,1865,-1,4051,80,129,-1,208,28,0,-2,26,21,4,0,25,49,8,-1,56,13,10,-4,19,48,43,-3,88,2674,2278,4953
208031183,117,121,-2,236,15,23,2,40,0,0,0,0,0,0,0,0,0,0,3,3,1767,1450,-3,3214,71,119,0,190,17,0,0,17,11,0,0,11,19,3,4,26,13,8,3,24,15,17,3,35,2052,1743,3788
208031184,0,0,0,0,0,0,0,0,0,0,0,0,0,0,0,0,0,0,0,0,7,4,-5,6,0,0,0,0,0,0,0,0,0,0,0,0,0,0,0,0,0,0,0,0,6,0,0,6,17,4,18
208031185,162,159,-5,316,9,8,-5,12,0,0,3,3,0,0,0,0,0,0,0,0,2162,1863,3,4028,84,126,6,216,43,3,3,49,18,3,3,24,25,7,1,33,19,5,4,28,25,26,-1,50,2550,2205,4747
208031186,341,312,1,654,15,14,4,33,0,0,0,0,3,4,-4,3,3,9,0,12,2379,2129,-2,4506,82,103,0,185,30,0,0,30,19,0,1,20,26,6,1,33,16,13,-1,28,21,55,5,81,2944,2643,5587
208031187,68,48,-5,111,5,12,1,18,0,0,0,0,0,0,0,0,0,0,0,0,999,849,-2,1846,37,54,-1,90,16,0,0,16,10,0,0,10,14,8,-5,17,12,0,0,12,8,17,2,27,1162,983,2145
208031188,499,450,3,952,48,77,4,129,0,0,0,0,3,0,2,5,10,3,-3,10,3630,3162,-2,6790,137,234,-2,369,50,0,3,53,39,0,-1,38,96,21,-3,114,36,26,-1,61,125,165,2,292,4668,4137,8807
208031189,342,270,2,614,17,15,1,33,0,0,0,0,0,0,0,0,0,3,4,7,2250,1956,-1,4205,72,112,7,191,25,3,2,30,29,0,-1,28,37,3,-3,37,19,10,0,29,31,49,5,85,2820,2432,5254
208031190,370,301,3,674,40,46,0,86,0,0,0,0,0,0,0,0,10,3,-3,10,2119,1967,-6,4080,90,117,0,207,35,0,0,35,34,0,0,34,46,7,3,56,22,8,6,36,60,85,-5,140,2821,2537,5361
208031191,151,153,-4,300,23,31,-2,52,0,0,0,0,0,3,0,3,5,0,5,10,1432,1232,1,2665,70,89,5,164,19,3,1,23,15,0,4,19,36,5,0,41,9,9,1,19,55,53,2,110,1814,1588,3402
208031192,0,0,0,0,0,0,0,0,0,0,0,0,0,0,0,0,0,0,0,0,0,0,0,0,0,0,0,0,0,0,0,0,0,0,0,0,0,0,0,0,0,0,0,0,0,0,0,0,0,0,0
208031193,565,431,9,1005,31,36,-4,63,3,0,0,3,0,4,-1,3,8,10,-7,11,3409,3068,-2,6475,115,180,-2,293,39,0,0,39,22,0,5,27,93,26,1,120,24,11,1,36,78,98,5,181,4401,3866,8264
208041194,806,687,-3,1490,11,19,-5,25,0,0,4,4,184,259,7,450,11,12,0,23,2873,2446,-3,5316,78,167,1,246,5,4,5,14,36,6,2,44,159,47,0,206,27,24,0,51,177,207,1,385,4368,3873,8246
208041195,812,573,5,1390,50,47,-7,90,0,0,0,0,48,59,-6,101,12,5,3,20,2954,2585,1,5540,94,178,3,275,13,0,2,15,39,0,2,41,139,31,-2,168,37,16,0,53,127,194,3,324,4321,3696,8020
209011196,111,93,1,205,22,32,-3,51,0,0,0,0,41,43,1,85,11,0,-2,9,1633,1234,3,2870,80,132,4,216,24,0,0,24,11,0,7,18,20,4,-4,20,14,3,0,17,23,10,-3,30,1989,1562,3547
209011197,463,364,5,832,41,43,5,89,0,0,0,0,0,0,7,7,7,7,-2,12,3561,3164,2,6727,147,181,0,328,63,0,4,67,22,8,-2,28,45,3,-2,46,20,11,5,36,57,78,5,140,4432,3867,8302
209011198,612,426,-4,1034,49,42,-4,87,3,3,-2,4,0,7,0,7,8,0,-3,5,2007,1780,1,3788,59,138,0,197,24,0,0,24,27,0,6,33,85,17,4,106,20,16,-7,29,94,173,-2,265,2992,2594,5591
209011199,178,170,-2,346,119,127,-1,245,0,0,0,0,3,3,-1,5,20,4,-1,23,1908,1483,-2,3389,89,160,-3,246,29,0,-5,24,40,7,-5,42,78,25,4,107,15,9,2,26,76,109,-4,181,2544,2095,4638
209011200,480,455,-2,933,53,65,0,118,0,0,0,0,0,7,4,11,9,3,3,15,1591,1476,-1,3066,63,122,-5,180,9,0,1,10,29,4,0,33,111,24,1,136,19,12,-2,29,86,129,0,215,2443,2293,4737
209011201,260,203,5,468,18,12,0,30,0,0,0,0,0,6,0,6,3,0,0,3,1196,1018,2,2216,40,105,7,152,10,0,0,10,14,0,2,16,69,3,2,74,14,6,-4,16,45,49,1,95,1674,1407,3081
209011202,363,291,-2,652,37,57,-3,91,0,0,0,0,0,4,0,4,4,8,5,17,2759,2440,5,5204,98,145,1,244,35,0,0,35,25,7,-8,24,45,8,-6,47,29,12,-1,40,45,53,2,100,3443,3021,6458
209011203,505,413,-1,917,27,43,3,73,0,0,3,3,0,3,0,3,3,5,0,8,2829,2405,-6,5228,105,159,2,266,33,0,-1,32,30,4,2,36,68,10,-4,74,36,18,0,54,212,60,-1,271,3849,3114,6967
209011204,268,220,3,491,26,27,0,53,0,0,0,0,3,7,-5,5,8,3,4,15,1510,1238,-1,2747,55,89,3,147,27,0,0,27,10,3,3,16,23,5,-1,27,9,4,6,19,31,23,-7,47,1968,1617,3584
209021205,140,120,4,264,41,53,1,95,0,0,0,0,84,94,-2,176,8,3,0,11,1548,1214,3,2765,71,155,-4,222,20,0,0,20,28,3,1,32,30,0,0,30,12,13,0,25,59,76,1,136,2040,1733,3770
209021207,627,646,-5,1268,81,108,-5,184,3,0,0,3,88,136,1,225,30,10,-4,36,3796,2801,0,6597,184,256,2,442,80,0,0,80,57,9,-8,58,111,27,0,138,33,15,-5,43,72,84,3,159,5144,4079,9222
209021208,578,612,2,1192,56,66,0,122,3,0,0,3,77,128,-8,197,19,5,7,31,3491,2489,-2,5978,156,220,1,377,77,3,3,83,38,12,-6,44,106,31,6,143,37,13,-4,46,58,54,1,113,4696,3633,8329
209021428,520,505,1,1026,82,111,-3,190,0,0,5,5,210,303,4,517,19,12,-3,28,2596,2091,3,4690,118,211,0,329,22,0,4,26,58,7,0,65,241,114,-1,354,25,20,-5,40,137,144,-4,277,4026,3522,7547
209021429,228,200,-1,427,31,29,-1,59,0,0,0,0,262,343,1,606,5,10,-3,12,1634,1421,5,3060,79,96,0,175,17,0,3,20,38,3,2,43,196,82,0,278,17,18,-2,33,43,51,0,94,2556,2251,4807
209031209,478,331,4,813,32,37,8,77,0,3,0,3,0,0,4,4,7,0,5,12,4072,3728,-4,7796,173,197,-1,369,70,0,5,75,46,0,1,47,58,13,-7,64,41,18,0,59,78,87,-1,164,5063,4418,9482
209031210,68,61,-2,127,0,3,2,5,0,0,0,0,0,0,0,0,0,0,0,0,648,588,3,1239,33,25,-3,55,21,0,0,21,3,0,0,3,3,0,0,3,3,3,3,9,12,11,-5,18,785,693,1479
209031211,7,3,2,12,6,3,-2,7,0,0,0,0,0,0,0,0,0,0,0,0,712,561,-1,1272,29,30,-1,58,21,0,0,21,6,0,0,6,0,0,0,0,8,3,1,12,15,13,0,28,807,616,1424
209031212,30,34,0,64,5,3,-1,7,0,0,0,0,0,3,-3,0,0,0,0,0,966,746,2,1714,40,53,-2,91,37,3,-2,38,7,0,-4,3,3,0,0,3,10,5,-1,14,16,14,6,36,1120,862,1983
209031213,122,105,-2,225,17,11,-5,23,0,0,0,0,0,0,3,3,4,3,-4,3,1883,1509,-1,3391,78,125,-1,202,62,0,0,62,14,0,-5,9,13,3,4,20,19,11,1,31,24,13,1,38,2226,1772,4006
209031214,51,38,2,91,24,26,1,51,0,0,0,0,0,0,0,0,0,0,0,0,1254,1013,3,2270,51,66,1,118,30,0,0,30,13,0,4,17,9,0,4,13,13,3,4,20,23,29,-5,47,1468,1177,2653
209031215,224,186,-2,408,12,18,-3,27,5,0,0,5,0,0,3,3,3,0,0,3,2828,2435,-2,5261,130,144,-2,272,51,0,0,51,18,3,2,23,20,0,0,20,20,7,-2,25,39,43,6,88,3339,2834,6175
209041216,69,74,6,149,6,13,-1,18,0,0,0,0,31,40,6,77,4,0,0,4,1241,1005,2,2248,68,85,1,154,21,0,0,21,7,0,2,9,8,0,0,8,14,0,-4,10,14,20,3,37,1479,1247,2727
209041217,51,43,-2,92,16,15,-2,29,0,0,0,0,36,35,1,72,4,0,0,4,1029,763,4,1796,54,50,-1,103,17,0,0,17,9,0,0,9,5,0,0,5,4,7,0,11,19,19,2,40,1248,932,2177
209041219,307,334,0,641,31,41,-2,70,3,0,0,3,4,6,4,14,24,3,4,31,3397,2162,-3,5556,191,259,1,451,70,0,0,70,26,0,-1,25,13,0,2,15,23,9,5,37,35,36,-9,62,4123,2845,6969
209041220,217,241,1,459,28,39,-1,66,0,0,0,0,16,9,-6,19,7,4,-3,8,3512,2797,2,6311,173,235,-1,407,64,0,-3,61,17,0,1,18,17,3,-3,17,24,9,0,33,34,38,-2,70,4110,3367,7476
209041221,118,138,5,261,24,35,-1,58,0,0,0,0,28,11,1,40,3,7,-3,7,2233,1747,6,3986,106,139,2,247,41,0,0,41,18,0,-3,15,15,0,0,15,13,6,3,22,18,18,4,40,2627,2105,4739
209041223,301,315,-2,614,37,41,-6,72,0,0,0,0,3,11,-1,13,35,5,-1,39,2959,1788,0,4747,164,230,0,394,72,0,0,72,22,0,0,22,22,6,1,29,26,6,-3,29,30,45,0,75,3665,2450,6113
209041224,135,161,-4,292,6,8,-1,13,0,0,0,0,0,0,0,0,0,0,0,0,3174,2309,0,5483,164,145,-1,308,100,5,-3,102,14,0,1,15,5,0,1,6,17,15,-5,27,33,31,-2,62,3641,2671,6314
209041225,13,19,0,32,6,7,-2,11,0,0,0,0,0,0,0,0,0,3,0,3,1468,1182,0,2650,65,51,5,121,64,4,4,72,6,0,0,6,0,0,0,0,9,3,-3,9,16,30,-1,45,1658,1299,2960
209041430,108,119,-6,221,27,15,-1,41,5,0,1,6,0,3,0,3,3,5,1,9,4211,3381,4,7596,155,193,4,352,70,0,0,70,28,0,0,28,11,7,-2,16,19,11,-4,26,30,41,1,72,4661,3770,8435
209041431,169,147,3,319,24,31,3,58,3,0,0,3,0,3,0,3,9,0,2,11,2363,1695,-3,4055,114,137,1,252,66,0,2,68,7,0,0,7,12,3,-3,12,18,18,-4,32,18,12,3,33,2807,2054,4855
209041432,171,134,0,305,31,38,2,71,0,0,0,0,0,0,0,0,8,0,3,11,1347,968,2,2317,92,77,-2,167,31,0,-3,28,7,0,2,9,11,7,-4,14,13,11,-2,22,31,32,-5,58,1740,1262,3009
209041433,167,139,2,308,14,34,-5,43,0,0,0,0,0,3,0,3,23,4,-1,26,1963,1404,-8,3359,87,126,-5,208,34,0,0,34,16,0,1,17,3,0,0,3,17,13,-6,24,11,24,4,39,2330,1741,4067
209041434,151,158,3,312,28,27,-1,54,0,0,0,0,6,3,-6,3,16,0,0,16,3161,2423,-6,5578,104,170,-8,266,39,0,0,39,11,0,0,11,3,0,0,3,28,10,-6,32,25,27,-4,48,3565,2807,6377
209041435,180,171,-5,346,16,25,0,41,0,0,0,0,0,0,3,3,13,0,0,13,2359,1883,1,4243,98,140,-3,235,66,0,0,66,9,0,0,9,10,3,-4,9,23,6,-1,28,14,8,2,24,2787,2232,5022
209041436,172,129,-1,300,19,27,4,50,7,0,-2,5,0,4,0,4,7,0,6,13,2212,1846,3,4061,101,144,0,245,25,0,0,25,10,3,-4,9,4,3,4,11,14,4,-1,17,15,26,-1,40,2583,2191,4775
209041437,120,115,-4,231,10,22,3,35,0,0,0,0,3,0,0,3,32,0,0,32,1696,1106,-3,2799,49,101,-2,148,36,0,0,36,4,0,0,4,3,0,0,3,17,5,-2,20,14,3,1,18,1984,1350,3335
210011226,64,81,-3,142,8,17,-4,21,0,0,0,0,37,52,1,90,3,6,1,10,1325,1121,-3,2443,63,85,1,149,11,0,0,11,10,0,0,10,20,0,-1,19,16,9,-3,22,22,22,-3,41,1590,1383,2969
210011227,0,0,0,0,0,0,0,0,0,0,0,0,0,0,0,0,0,0,0,0,0,0,0,0,0,0,0,0,0,0,0,0,0,0,0,0,0,0,0,0,0,0,0,0,0,0,0,0,0,0,0
210011228,58,46,5,109,7,15,2,24,0,0,0,0,0,3,0,3,3,0,0,3,1609,1250,1,2860,78,98,-4,172,22,0,0,22,17,0,0,17,14,0,-4,10,8,3,6,17,16,12,5,33,1833,1424,3262
210011229,184,191,0,375,41,74,1,116,0,0,0,0,23,33,1,57,9,10,4,23,4309,3378,5,7692,178,296,2,476,71,0,2,73,44,0,1,45,41,0,0,41,39,24,1,64,50,46,-4,92,4995,4061,9055
210011230,78,88,-2,164,6,4,4,14,0,0,0,0,24,39,6,69,3,0,2,5,1220,1052,-1,2271,49,95,-4,140,15,0,0,15,9,3,5,17,24,3,1,28,11,5,1,17,20,38,7,65,1471,1339,2810
210011231,228,194,8,430,4,10,2,16,0,0,0,0,6,27,1,34,0,0,0,0,1669,1363,-3,3029,72,103,-1,174,15,0,-4,11,19,3,-2,20,51,4,2,57,21,13,-1,33,33,32,2,67,2128,1749,3872
210021232,128,103,4,235,8,0,1,9,0,0,0,0,0,0,0,0,3,3,2,8,2301,1885,2,4188,114,126,5,245,60,0,0,60,4,0,2,6,0,0,0,0,13,11,3,27,42,51,-3,90,2688,2181,4867
210021233,36,41,8,85,3,0,0,3,0,0,0,0,0,0,0,0,0,0,3,3,550,401,-3,948,25,29,-2,52,6,0,0,6,3,0,0,3,7,0,0,7,8,3,-3,8,23,19,-6,36,659,499,1153
210021234,66,63,-6,123,3,0,0,3,0,0,0,0,0,0,0,0,0,0,0,0,710,659,1,1370,29,34,0,63,16,0,0,16,0,0,0,0,3,0,0,3,0,3,1,4,12,11,-1,22,834,766,1603
210021235,34,32,-3,63,5,9,-3,11,0,0,0,0,0,0,4,4,4,0,0,4,1689,1251,0,2940,71,76,-4,143,59,0,1,60,5,0,0,5,3,0,0,3,13,16,-2,27,48,42,-4,86,1932,1430,3363
210031236,231,205,-7,429,7,9,-3,13,0,0,0,0,59,70,2,131,3,0,0,3,1056,795,5,1856,46,86,-4,128,23,0,0,23,25,3,-1,27,86,41,2,129,4,7,5,16,37,31,-9,59,1568,1247,2817
210031237,362,201,8,571,18,21,-3,36,0,0,0,0,3,17,6,26,18,4,5,27,1870,983,-1,2852,85,111,4,200,31,0,0,31,17,0,4,21,33,3,0,36,26,15,7,48,36,48,-1,83,2505,1411,3919
210031239,891,869,4,1764,35,34,0,69,0,0,0,0,23,61,4,88,19,7,1,27,3752,2863,-1,6614,162,237,4,403,49,3,-4,48,58,6,2,66,103,18,-2,119,37,15,-5,47,64,83,3,150,5188,4209,9392
210031438,754,706,1,1461,34,61,-4,91,3,0,0,3,3,10,6,19,25,6,8,39,3247,1995,-5,5237,157,221,-7,371,62,0,1,63,24,3,-2,25,35,19,0,54,33,13,0,46,56,75,-1,130,4431,3107,7542
210031439,26,19,4,49,0,8,-3,5,0,0,0,0,6,6,3,15,0,0,0,0,560,491,-3,1048,26,35,1,62,9,0,0,9,9,0,2,11,5,0,-2,3,3,3,-3,3,3,0,0,3,641,563,1208
210031440,69,59,-3,125,3,15,-3,15,0,0,0,0,0,0,6,6,8,0,-4,4,847,584,0,1431,37,44,-1,80,19,0,0,19,3,0,4,7,6,3,7,16,8,3,1,12,10,12,-2,20,1024,719,1744
210041240,152,141,1,294,14,19,1,34,0,0,0,0,3,0,0,3,3,3,-2,4,2346,1960,0,4306,132,135,0,267,57,0,0,57,12,3,-4,11,11,0,0,11,14,12,0,26,33,31,0,64,2772,2301,5074
210041241,399,390,-5,784,24,33,2,59,3,0,0,3,0,0,3,3,8,3,2,13,4929,4036,4,8969,281,284,-4,561,101,0,4,105,31,5,-1,35,11,0,5,16,33,12,-2,43,62,74,0,136,5888,4840,10729
210051242,180,133,6,319,57,45,-3,99,0,0,0,0,0,3,0,3,17,9,-3,23,1605,764,0,2369,120,120,4,244,21,0,0,21,10,0,1,11,8,0,2,10,26,5,3,34,25,32,3,60,2076,1111,3193
210051243,116,111,5,232,15,25,4,44,0,0,0,0,0,0,0,0,15,4,-5,14,1885,934,-3,2816,126,114,-1,239,54,4,-4,54,13,0,-4,9,13,0,0,13,30,6,6,42,50,24,-1,73,2316,1234,3546
210051245,129,152,-4,277,52,51,-2,101,0,0,0,0,7,17,-3,21,12,5,2,19,3191,2595,-3,5783,157,213,6,376,48,0,2,50,24,3,-1,26,16,0,0,16,33,13,1,47,18,30,-3,45,3678,3089,6763
210051246,128,129,7,264,15,11,2,28,0,0,0,0,5,3,2,10,15,3,-1,17,3458,2534,2,5994,157,223,-5,375,83,0,0,83,4,0,0,4,8,0,0,8,31,18,-2,47,15,16,3,34,3922,2942,6865
210051247,110,86,-4,192,22,19,5,46,0,0,0,0,0,0,3,3,25,0,-1,24,1893,1151,3,3047,124,139,0,263,47,0,3,50,6,0,0,6,3,0,0,3,21,7,2,30,16,13,0,29,2277,1421,3695
210051248,0,0,0,0,4,0,0,4,0,0,0,0,0,0,0,0,0,0,0,0,16,9,1,26,0,3,0,3,0,3,0,3,0,0,0,0,0,0,3,3,4,0,0,4,3,0,4,7,23,22,45
210051249,210,246,-3,453,27,34,-2,59,3,0,0,3,0,0,0,0,16,3,-1,18,3156,2011,-5,5162,180,268,-2,446,64,0,0,64,6,0,0,6,6,0,-1,5,29,12,1,42,20,14,-2,32,3717,2581,6299
210051250,21,42,-2,61,19,18,1,38,0,0,0,0,7,15,7,29,0,3,6,9,1193,926,-8,2111,63,80,-8,135,26,0,0,26,14,0,0,14,9,0,-1,8,11,0,0,11,27,16,-2,41,1385,1101,2487
210051441,90,125,-1,214,16,15,-3,28,0,0,0,0,0,0,0,0,5,0,0,5,1486,984,-2,2468,113,92,-3,202,44,3,-4,43,10,0,0,10,4,3,3,10,10,6,1,17,17,25,-1,41,1791,1257,3053
210051442,137,135,6,278,13,14,2,29,0,0,0,0,0,0,0,0,14,4,-3,15,2110,1399,-4,3505,111,132,2,245,42,0,0,42,10,3,-2,11,8,3,-3,8,17,7,4,28,12,20,0,32,2470,1714,4187
210051443,238,257,4,499,23,29,-2,50,0,0,0,0,3,0,0,3,27,4,0,31,2963,1955,3,4921,183,195,-1,377,71,0,0,71,19,0,-3,16,8,0,0,8,24,12,-3,33,15,26,-7,34,3572,2472,6048
210051444,187,210,8,405,26,37,-3,60,0,0,0,0,0,3,-3,0,40,3,0,43,2411,1477,-1,3887,108,161,0,269,46,0,3,49,9,0,2,11,3,4,-3,4,28,9,-3,34,17,25,-5,37,2871,1923,4798
210051445,29,37,4,70,3,0,2,5,0,0,0,0,0,0,0,0,4,0,1,5,696,545,-4,1237,23,48,-4,67,28,0,0,28,3,0,0,3,0,0,0,0,9,3,-1,11,5,6,3,14,793,642,1436
211011251,203,156,8,367,20,31,4,55,0,0,0,0,0,0,0,0,4,3,2,9,2166,1794,0,3960,96,124,-1,219,43,0,0,43,28,0,1,29,21,4,0,25,11,13,5,29,44,41,2,87,2642,2166,4804
211011254,108,79,1,188,47,57,-3,101,0,0,0,0,0,0,3,3,0,3,0,3,2925,2411,-4,5332,124,185,-3,306,29,0,5,34,12,6,-6,12,18,4,-6,16,22,14,-5,31,37,26,-2,61,3311,2782,6097
211011255,41,14,5,60,8,10,3,21,0,0,0,0,0,0,0,0,0,0,0,0,1544,1245,-2,2787,67,79,2,148,27,0,0,27,3,0,0,3,4,3,2,9,6,0,1,7,10,9,6,25,1721,1364,3085
211011256,86,64,4,154,45,45,-4,86,0,0,0,0,0,0,0,0,6,4,-2,8,3220,2705,2,5927,154,206,5,365,36,0,0,36,24,3,-5,22,18,0,-2,16,18,15,1,34,29,31,-1,59,3637,3074,6714
211011257,67,52,-7,112,8,16,7,31,0,0,0,0,0,0,0,0,6,3,1,10,1653,1409,0,3062,79,116,-3,192,19,0,-3,16,10,0,0,10,13,3,-4,12,18,4,-2,20,9,17,-2,24,1877,1611,3487
211011258,43,41,4,88,15,15,5,35,0,0,0,0,0,0,0,0,0,4,2,6,2297,1880,-1,4176,117,148,3,268,29,0,4,33,10,0,0,10,10,0,2,12,23,11,-2,32,19,21,-1,39,2567,2127,4699
211011259,144,89,0,233,38,43,-6,75,0,0,0,0,5,3,2,10,3,7,-2,8,2503,2146,1,4650,85,176,4,265,46,0,0,46,16,0,5,21,20,0,-1,19,18,6,-1,23,50,48,0,98,2927,2514,5445
211011260,152,113,-4,261,66,61,3,130,0,0,0,0,0,0,0,0,6,0,0,6,3161,2789,3,5953,132,239,-3,368,41,0,0,41,17,0,0,17,19,7,-2,24,26,16,-8,34,47,44,2,93,3654,3265,6925
211011446,314,264,3,581,60,42,-1,101,0,0,0,0,0,3,0,3,12,6,4,22,4019,3408,6,7433,177,200,9,386,68,0,5,73,38,3,-5,36,38,6,-1,43,28,8,0,36,61,64,-2,123,4817,4016,8826
211011447,182,141,0,323,30,43,-2,71,4,0,0,4,3,5,-3,5,0,4,-1,3,2539,2153,-3,4689,110,122,2,234,43,0,0,43,22,0,0,22,17,0,4,21,14,4,8,26,37,39,-5,71,3009,2508,5512
211011448,153,114,4,271,39,21,-1,59,0,0,0,0,0,3,0,3,7,4,-1,10,2952,2482,0,5434,149,167,-2,314,52,0,4,56,20,5,2,27,22,7,2,31,12,15,3,30,42,43,1,86,3464,2859,6319
211011449,29,29,3,61,4,4,1,9,3,0,0,3,0,0,0,0,0,0,0,0,874,718,-1,1591,38,42,-9,71,30,0,0,30,9,0,0,9,7,0,0,7,0,3,0,3,13,8,-4,17,1007,794,1807
211021261,120,94,-1,213,120,114,1,235,0,0,0,0,0,0,0,0,5,0,4,9,2755,2249,0,5004,97,187,-5,279,56,0,0,56,19,0,2,21,27,0,0,27,19,9,1,29,37,33,8,78,3247,2697,5943
211021262,45,40,0,85,64,58,-4,118,0,0,0,0,0,0,0,0,4,3,0,7,2003,1555,7,3565,67,99,2,168,46,0,0,46,15,0,0,15,12,3,-3,12,13,12,-2,23,39,49,3,91,2313,1816,4130
211031263,101,87,2,190,32,18,-3,47,0,0,0,0,0,0,0,0,3,4,-3,4,2380,1926,3,4309,114,126,2,242,51,0,0,51,9,0,4,13,30,0,2,32,14,9,2,25,49,26,6,81,2785,2204,4988
211031265,223,161,-2,382,23,31,8,62,3,0,0,3,0,0,0,0,5,0,2,7,3561,3226,1,6788,182,185,-3,364,63,0,6,69,24,0,-1,23,19,0,-1,18,17,9,6,32,43,34,-2,75,4176,3657,7828
211031266,416,322,-5,733,49,54,-4,99,0,0,0,0,0,3,0,3,4,3,4,11,2796,2319,1,5116,139,187,-7,319,37,0,2,39,29,4,2,35,20,10,-5,25,20,7,1,28,84,86,1,171,3596,2977,6576
211031267,571,410,1,982,40,30,-5,65,0,0,0,0,0,0,0,0,10,3,3,16,3403,2871,-2,6272,149,206,-6,349,46,0,2,48,22,4,-3,23,36,11,4,51,18,4,3,25,83,83,2,168,4384,3616,7997
211031268,149,82,0,231,19,24,-5,38,0,0,0,0,0,0,0,0,0,0,0,0,1738,1480,-3,3215,56,102,3,161,26,3,-5,24,20,0,0,20,17,0,-3,14,9,0,1,10,23,17,1,41,2050,1713,3760
211031450,240,209,4,453,34,29,-5,58,4,3,1,8,0,0,0,0,7,4,0,11,2601,2390,6,4997,132,132,1,265,44,0,0,44,19,0,1,20,18,3,4,25,24,5,-2,27,46,40,0,86,3168,2823,5991
211031451,215,173,0,388,27,27,4,58,0,0,0,0,0,0,0,0,6,3,5,14,2145,1933,3,4081,116,138,1,255,33,0,1,34,15,0,1,16,16,0,6,22,15,3,0,18,41,38,-2,77,2630,2328,4961
211031452,44,59,2,105,5,4,-3,6,0,0,0,0,0,3,0,3,0,0,0,0,892,751,0,1643,34,33,1,68,18,0,0,18,3,0,0,3,8,0,-1,7,7,0,-1,6,9,4,6,19,1022,864,1879
211041269,171,128,-1,298,37,38,4,79,0,0,0,0,3,3,1,7,4,3,0,7,1601,1322,3,2926,67,124,0,191,17,0,0,17,13,0,0,13,18,3,-2,19,9,8,-4,13,47,47,-1,93,1983,1682,3661
211041270,675,510,-3,1182,48,44,1,93,0,0,0,0,3,7,1,11,6,0,3,9,2476,2179,0,4655,99,162,2,263,30,3,-7,26,32,3,-3,32,44,14,-3,55,17,20,-9,28,62,68,0,130,3483,3009,6489
211041271,409,299,-4,704,60,52,6,118,0,0,0,0,3,0,0,3,6,4,-2,8,1784,1451,5,3240,82,126,4,212,30,0,0,30,15,3,2,20,28,10,1,39,9,9,-3,15,39,43,2,84,2471,2001,4467
211041272,191,137,-1,327,14,20,0,34,0,0,0,0,0,3,2,5,3,3,-2,4,1679,1460,-4,3135,70,100,-4,166,16,0,0,16,11,0,1,12,14,3,2,19,17,3,-4,16,24,26,0,50,2037,1746,3789
211041273,126,107,-1,232,30,30,6,66,0,0,0,0,31,17,1,49,10,3,-1,12,1858,1572,2,3432,69,154,-3,220,28,0,0,28,11,0,1,12,27,0,1,28,19,7,-3,23,30,27,-3,54,2243,1915,4160
211051274,144,116,-5,255,20,18,-2,36,0,0,0,0,0,0,0,0,4,0,0,4,1892,1605,-1,3496,73,83,-5,151,51,0,0,51,25,0,2,27,13,0,0,13,15,9,1,25,46,38,3,87,2266,1874,4138
211051275,97,60,1,158,18,21,-1,38,3,0,0,3,3,0,0,3,7,0,0,7,2006,1602,-3,3605,113,96,-5,204,39,0,0,39,10,0,5,15,6,0,0,6,10,0,2,12,16,22,0,38,2317,1800,4118
211051276,27,23,-5,45,16,15,2,33,0,0,0,0,0,0,0,0,0,3,0,3,2313,1928,-3,4238,123,107,-2,228,84,0,4,88,12,0,4,16,17,4,0,21,18,11,0,29,82,83,2,167,2700,2168,4864
211051277,65,49,-3,111,14,17,6,37,0,0,0,0,0,0,0,0,3,0,0,3,1674,1440,5,3119,97,58,2,157,44,0,0,44,15,0,1,16,10,3,2,15,12,3,-2,13,29,26,1,56,1960,1603,3568
211051278,173,129,-1,301,32,33,-8,57,0,0,4,4,0,0,0,0,4,0,0,4,3566,3024,-1,6589,174,195,-4,365,101,4,-1,104,16,0,0,16,13,3,1,17,20,3,7,30,73,64,-1,136,4176,3453,7626
211051279,16,14,1,31,6,7,1,14,0,0,0,0,0,0,0,0,0,0,0,0,1063,817,-5,1875,49,62,-3,108,34,0,0,34,7,0,0,7,3,0,0,3,9,4,0,13,47,35,-5,77,1224,933,2155
211051280,47,35,-3,79,10,9,6,25,0,0,0,0,0,0,0,0,0,0,0,0,1329,1076,-2,2403,77,69,2,148,31,0,0,31,7,0,0,7,3,0,5,8,5,6,-1,10,12,16,3,31,1527,1213,2736
211051281,330,252,0,582,24,23,1,48,3,0,1,4,0,0,0,0,5,0,1,6,4314,3599,-1,7912,216,220,3,439,86,3,1,90,27,0,1,28,13,3,-3,13,22,12,-8,26,36,34,0,70,5066,4147,9216
211051282,83,63,-3,143,14,11,-2,23,4,0,0,4,0,3,0,3,3,0,-3,0,1733,1463,0,3196,53,93,4,150,29,0,0,29,22,3,0,25,13,0,-2,11,9,16,6,31,40,36,1,77,2011,1690,3695
211051283,58,53,-3,108,18,18,2,38,0,0,3,3,0,0,0,0,0,0,0,0,1988,1587,3,3578,107,93,3,203,79,0,-3,76,11,0,0,11,8,3,-5,6,3,7,1,11,28,28,-7,49,2305,1781,4092
211051284,195,142,-4,333,9,8,2,19,0,0,3,3,0,0,0,0,0,0,0,0,1866,1677,0,3543,69,89,-3,155,31,0,4,35,21,0,-2,19,18,0,-4,14,10,3,4,17,30,36,-4,62,2252,1958,4211
211051285,22,19,2,43,10,6,7,23,0,0,0,0,0,0,0,0,0,0,0,0,1547,1263,-1,2809,88,60,-1,147,88,0,0,88,5,0,4,9,0,0,0,0,8,4,-1,11,40,35,5,80,1818,1389,3210
211051286,12,19,0,31,31,20,-1,50,0,0,0,0,0,0,0,0,4,0,0,4,2873,2216,-1,5088,139,110,-1,248,99,0,-4,95,20,0,0,20,8,7,-3,12,27,18,-7,38,76,63,-7,132,3286,2448,5735
212011287,177,139,-4,312,11,11,0,22,0,0,0,0,0,0,0,0,0,0,4,4,2720,2292,0,5012,157,153,3,313,64,0,0,64,7,0,3,10,5,4,0,9,17,12,2,31,43,30,-1,72,3201,2648,5851
212011288,45,45,-3,87,4,7,-6,5,0,0,0,0,0,3,1,4,0,0,0,0,1562,1221,1,2784,65,70,-3,132,99,5,0,104,14,0,-1,13,4,3,-4,3,10,9,-1,18,54,40,2,96,1850,1395,3251
212011289,57,35,-2,90,20,12,-5,27,0,0,0,0,0,0,0,0,4,3,-3,4,3672,2870,8,6550,155,159,-5,309,117,3,-4,116,23,0,-1,22,5,4,-3,6,24,17,0,41,71,63,2,136,4146,3162,7312
212011290,14,3,-6,11,6,0,-3,3,0,0,0,0,0,0,0,0,0,0,0,0,1351,1033,-1,2383,77,58,4,139,72,3,5,80,15,0,-1,14,3,4,2,9,4,6,6,16,46,46,-2,90,1586,1167,2751
212011291,174,135,-5,304,11,14,2,27,0,0,0,0,0,0,0,0,4,3,5,12,3484,2813,-1,6296,206,179,-3,382,84,0,4,88,34,3,0,37,8,3,-2,9,19,11,2,32,34,26,0,60,4048,3196,7245
212011292,321,241,4,566,20,19,3,42,0,0,0,0,3,0,0,3,16,3,-4,15,5028,3905,-2,8931,288,277,1,566,87,3,1,91,35,3,5,43,25,8,1,34,37,21,2,60,49,79,-4,124,5922,4553,10480
212021293,252,175,6,433,21,25,-2,44,3,0,1,4,0,4,-1,3,3,3,5,11,4220,3667,1,7888,195,232,2,429,84,3,0,87,28,0,1,29,15,3,-4,14,23,14,-6,31,49,54,-3,100,4899,4181,9073
212021294,371,255,-2,624,23,21,1,45,0,0,3,3,3,0,0,3,6,3,4,13,4999,3871,-3,8867,263,336,-3,596,74,3,0,77,29,5,0,34,10,0,-4,6,42,25,-2,65,28,47,0,75,5847,4564,10407
212021295,62,50,0,112,37,54,-3,88,0,0,0,0,0,0,0,0,7,4,-4,7,1813,872,4,2689,129,104,-6,227,41,3,1,45,8,0,0,8,10,0,0,10,9,8,-1,16,17,18,-2,33,2135,1109,3244
212021297,104,123,3,230,19,27,-4,42,3,0,0,3,0,0,0,0,12,4,-8,8,1848,1276,3,3127,110,154,4,268,33,0,0,33,11,0,-3,8,11,0,0,11,17,7,3,27,19,18,4,41,2187,1615,3799
212021299,40,40,-1,79,3,7,1,11,0,0,0,0,0,0,0,0,0,0,0,0,1568,1218,1,2787,73,88,1,162,92,3,0,95,10,0,0,10,4,3,-4,3,7,8,2,17,15,7,0,22,1806,1376,3181
212021453,77,50,2,129,13,16,3,32,0,0,0,0,0,0,0,0,5,4,2,11,2283,1745,-2,4026,115,123,0,238,56,0,0,56,6,0,0,6,5,0,0,5,9,9,7,25,11,8,8,27,2588,1963,4554
212021454,109,96,0,205,11,25,-4,32,0,0,0,0,0,0,0,0,10,0,0,10,2570,1938,-8,4500,149,163,-2,310,50,0,0,50,7,0,1,8,3,0,5,8,21,9,3,33,13,19,5,37,2938,2258,5198
212021455,130,80,-2,208,11,28,-2,37,0,0,0,0,0,0,0,0,4,4,-2,6,2770,2105,0,4875,140,154,0,294,57,0,0,57,26,5,-4,27,3,0,7,10,18,10,-1,27,12,19,4,35,3174,2404,5577
212021456,173,142,2,317,28,38,-3,63,4,0,0,4,0,0,0,0,9,4,-5,8,2672,1860,-1,4531,141,172,-3,310,50,0,0,50,15,3,-7,11,7,0,0,7,24,6,-1,29,29,38,-2,65,3144,2262,5403
212031300,158,178,3,339,23,32,-3,52,0,0,0,0,0,0,0,0,14,0,0,14,3650,2546,-4,6192,229,196,7,432,93,3,-4,92,27,0,0,27,10,0,-1,9,32,18,-7,43,55,57,-1,111,4291,3029,7320
212031301,296,279,2,577,32,37,-7,62,3,0,0,3,0,0,0,0,16,0,5,21,4882,3609,2,8493,204,321,0,525,78,0,0,78,24,0,-4,20,9,0,0,9,46,12,-2,56,31,27,-1,57,5623,4287,9910
212031302,236,169,-1,404,20,33,-2,51,0,3,0,3,0,0,0,0,8,3,1,12,3907,2889,9,6805,207,263,4,474,71,0,0,71,27,0,0,27,8,0,-2,6,36,15,-5,46,26,27,-2,51,4551,3401,7956
212031303,37,25,0,62,6,3,0,9,0,0,0,0,0,0,0,0,3,0,0,3,1815,1442,-3,3254,70,84,-3,151,119,3,0,122,8,0,-2,6,6,0,0,6,9,10,5,24,40,31,-1,70,2105,1603,3710
212031304,149,145,-3,291,17,18,0,35,0,0,3,3,0,0,0,0,13,6,-2,17,3122,2172,-1,5293,162,197,0,359,64,0,0,64,21,0,4,25,7,0,0,7,28,7,0,35,28,16,4,48,3612,2567,6183
212031305,210,203,1,414,56,82,-1,137,0,0,0,0,0,0,0,0,17,4,-2,19,4649,2867,7,7523,333,370,5,708,89,3,7,99,29,0,0,29,15,3,0,18,54,11,4,69,45,41,-7,79,5497,3594,9095
212031306,311,291,5,607,14,17,0,31,0,0,0,0,3,3,-1,5,13,3,-1,15,2876,1972,0,4848,146,210,5,361,56,4,-4,56,16,0,2,18,3,3,-1,5,20,8,-2,26,13,32,0,45,3478,2540,6019
212031308,13,13,-1,25,5,4,-2,7,0,0,0,0,0,0,0,0,0,0,3,3,1541,1286,-3,2824,68,63,2,133,79,4,3,86,9,0,4,13,3,0,0,3,14,3,-1,16,30,30,4,64,1767,1401,3167
212031457,105,94,8,207,25,24,0,49,0,0,0,0,0,0,0,0,3,0,0,3,2646,2116,-4,4758,165,195,-2,358,50,3,-1,52,11,0,0,11,5,3,4,12,22,13,4,39,16,24,-4,36,3046,2479,5529
212031458,154,129,1,284,23,38,3,64,0,0,3,3,0,0,0,0,13,3,-4,12,3163,2339,0,5502,178,216,2,396,66,0,5,71,16,0,0,16,7,0,0,7,20,13,0,33,15,20,1,36,3663,2758,6428
212041309,206,164,-4,366,48,41,0,89,0,0,0,0,0,0,0,0,6,3,1,10,1965,1464,-2,3427,94,198,5,297,33,0,0,33,7,0,0,7,30,0,3,33,19,8,-2,25,26,28,-3,51,2447,1902,4347
212041310,386,311,-5,692,40,60,-6,94,0,0,0,0,0,3,0,3,19,4,-2,21,1982,1204,3,3189,101,193,4,298,27,0,0,27,12,0,0,12,16,9,-3,22,22,9,4,35,52,53,5,110,2664,1844,4501
212041311,351,248,1,600,185,189,1,375,3,0,5,8,0,0,0,0,23,15,-4,34,5067,1985,3,7055,365,325,-4,686,92,0,4,96,18,0,-2,16,34,0,3,37,60,22,-2,80,120,143,2,265,6315,2940,9255
212041312,161,131,-1,291,66,80,-3,143,0,0,0,0,0,3,0,3,13,6,-2,17,3903,2560,-2,6461,196,239,4,439,66,0,0,66,18,3,-3,18,17,3,0,20,31,11,2,44,16,38,0,54,4490,3075,7561
212041313,82,56,3,141,22,33,-1,54,0,0,0,0,0,0,0,0,3,0,0,3,1993,1656,1,3650,81,145,-7,219,28,0,7,35,20,0,0,20,17,8,-4,21,18,10,-6,22,51,35,-4,82,2317,1935,4246
212041314,289,254,8,551,52,69,5,126,0,0,0,0,0,0,3,3,10,3,1,14,4824,3641,-4,8461,241,433,-6,668,81,3,-3,81,14,0,2,16,26,3,-5,24,38,19,2,59,42,47,-5,84,5622,4465,10092
212041316,60,69,-3,126,15,27,3,45,0,0,0,0,0,0,0,0,5,0,5,10,1277,897,3,2177,64,84,-1,147,25,0,0,25,7,0,0,7,8,0,0,8,17,3,1,21,13,14,-5,22,1497,1090,2591
212041317,359,359,-2,716,83,104,5,192,0,0,0,0,3,0,2,5,32,4,0,36,3258,1756,-2,5012,183,338,-1,520,71,0,-1,70,18,0,-2,16,30,4,-2,32,43,18,2,63,94,88,3,185,4169,2676,6849
212041318,106,126,1,233,38,45,3,86,0,0,0,0,0,0,3,3,4,7,-5,6,2111,1476,-1,3586,158,209,4,371,43,0,4,47,4,0,1,5,9,0,2,11,18,5,-1,22,21,24,-3,42,2523,1896,4419
212041459,292,294,3,589,37,45,-7,75,0,0,0,0,3,3,-1,5,13,9,1,23,2235,1224,-7,3452,104,166,-6,264,26,3,4,33,9,0,0,9,13,4,0,17,25,8,1,34,33,16,2,51,2789,1771,4558
212041460,343,288,4,635,31,43,2,76,0,0,0,0,3,0,0,3,9,6,-1,14,2888,1817,1,4706,187,262,0,449,42,0,-2,40,12,0,0,12,6,3,1,10,36,13,-6,43,26,48,3,77,3595,2481,6074
212051319,485,433,-2,916,58,76,1,135,0,0,0,0,11,16,1,28,12,7,2,21,2776,2307,0,5083,121,215,-2,334,25,0,0,25,39,0,-1,38,71,15,-2,84,26,11,5,42,72,59,2,133,3688,3139,6823
212051320,505,330,1,836,105,194,2,301,0,0,0,0,10,3,-3,10,16,11,-3,24,2371,1478,-4,3845,116,210,-1,325,23,0,0,23,22,5,-1,26,71,15,2,88,33,10,-4,39,348,312,1,661,3612,2566,6175
212051321,442,296,-1,737,71,79,-4,146,6,0,0,6,7,5,0,12,8,3,5,16,2981,2422,-2,5401,153,251,-3,401,22,0,0,22,20,0,0,20,43,3,-3,43,39,20,0,59,77,88,-5,160,3855,3168,7024
212051322,479,339,0,818,65,91,-2,154,0,0,0,0,7,0,1,8,6,3,3,12,2772,2254,-4,5022,125,236,1,362,19,0,0,19,23,0,4,27,34,8,-4,38,22,11,1,34,88,114,5,207,3643,3063,6703
212051323,382,313,8,703,28,49,-1,76,0,0,0,0,7,10,-3,14,3,8,-2,9,2289,1942,4,4235,95,176,-5,266,18,0,0,18,11,0,7,18,53,7,-6,54,16,11,-4,23,39,46,-1,84,2956,2551,5509
212051324,493,357,3,853,58,66,7,131,3,0,0,3,4,0,5,9,3,3,1,7,2761,2282,0,5043,117,185,-2,300,31,0,0,31,22,0,5,27,65,20,-2,83,20,15,-1,34,58,69,5,132,3633,3005,6640
212051325,190,149,1,340,43,82,-3,122,0,0,0,0,3,0,0,3,16,0,-2,14,3477,2704,3,6184,132,209,-1,340,57,0,-3,54,21,3,-3,21,19,4,-1,22,23,15,2,40,41,38,-3,76,4015,3205,7221
212051326,651,576,-2,1225,94,136,1,231,4,0,0,4,3,0,0,3,14,9,-8,15,3273,2533,-1,5805,150,228,-4,374,48,3,-2,49,36,0,1,37,83,17,1,101,36,13,2,51,112,117,6,235,4506,3635,8139
212051327,192,127,-8,311,38,48,0,86,3,0,0,3,3,3,-1,5,7,4,-4,7,3223,2748,0,5971,109,241,4,354,40,0,0,40,15,0,0,15,31,6,2,39,28,13,0,41,37,41,-1,77,3730,3219,6947
213011328,241,223,-5,459,13,21,4,38,0,0,0,0,0,0,0,0,6,3,0,9,1231,645,-2,1874,95,70,0,165,18,0,0,18,16,0,0,16,17,3,-2,18,6,0,5,11,15,18,0,33,1654,992,2642
213011329,134,179,-4,309,13,15,-3,25,0,0,0,0,0,0,0,0,10,0,2,12,1746,1199,0,2945,89,170,-1,258,27,0,0,27,7,0,0,7,7,0,0,7,13,12,-7,18,16,15,1,32,2054,1591,3640
213011330,314,368,-3,679,47,61,5,113,0,3,0,3,0,12,-2,10,24,9,2,35,4468,2882,0,7350,239,382,-4,617,78,0,3,81,18,4,2,24,19,3,-2,20,44,17,-3,58,37,40,5,82,5287,3785,9073
213011331,89,126,-2,213,11,19,-8,22,0,0,0,0,0,0,0,0,8,0,5,13,1454,1032,0,2486,82,136,2,220,26,0,5,31,3,0,2,5,8,0,-4,4,8,5,5,18,3,7,0,10,1696,1322,3020
213011332,166,140,0,306,12,10,0,22,0,0,0,0,0,5,0,5,14,5,0,19,2371,1795,-1,4165,126,183,1,310,48,3,-2,49,16,0,1,17,13,3,0,16,18,13,0,31,21,23,0,44,2799,2173,4976
213011333,109,140,-1,248,21,18,6,45,4,0,-1,3,0,0,0,0,8,0,2,10,2090,1312,3,3405,120,173,-4,289,34,0,0,34,8,0,2,10,3,3,-2,4,19,0,7,26,7,20,-1,26,2427,1668,4101
213011334,356,399,5,760,23,25,-1,47,0,0,0,0,0,5,-1,4,14,9,-3,20,2782,1570,2,4354,198,242,-2,438,57,0,0,57,11,0,-2,9,10,4,-2,12,34,11,2,47,36,36,3,75,3526,2312,5837
213011335,365,440,-6,799,19,41,1,61,0,0,0,0,0,3,0,3,31,0,2,33,2419,1300,-6,3713,175,206,-6,375,37,0,0,37,11,0,0,11,11,0,4,15,30,8,3,41,31,50,-6,75,3115,2036,5156
213011336,291,268,-5,554,45,55,4,104,0,0,0,0,0,0,0,0,23,3,-4,22,1482,814,-5,2291,73,110,4,187,13,0,0,13,15,0,3,18,29,11,0,40,15,11,-2,24,33,57,-8,82,2023,1322,3341
213011337,104,119,0,223,44,55,-4,95,0,0,0,0,4,4,-2,6,8,3,3,14,1783,1104,-4,2883,94,186,6,286,28,3,-2,29,17,0,0,17,13,6,-3,16,15,10,-2,23,33,26,-3,56,2134,1504,3644
213011338,205,240,3,448,27,48,-2,73,0,0,0,0,3,5,-2,6,8,4,3,15,2887,1696,5,4588,185,261,-3,443,34,3,-2,35,16,0,4,20,28,7,2,37,17,8,-1,24,33,40,-2,71,3461,2310,5764
213011339,305,351,3,659,18,15,0,33,0,0,0,0,0,6,-3,3,8,0,4,12,2145,1451,4,3600,112,137,-1,248,39,0,-4,35,13,4,-4,13,4,0,2,6,14,9,3,26,20,32,-5,47,2676,2011,4683
213011340,261,268,0,529,14,17,-3,28,3,0,0,3,0,0,3,3,10,0,4,14,3699,2865,-3,6561,165,225,3,393,54,0,2,56,12,0,0,12,24,4,-5,23,25,9,-2,32,16,39,4,59,4274,3433,7705
213021341,376,423,1,800,18,28,0,46,0,0,0,0,0,0,0,0,6,6,0,12,2039,1580,0,3619,88,116,0,204,27,0,1,28,24,3,-2,25,50,6,1,57,23,13,-8,28,57,62,0,119,2709,2237,4951
213021342,334,319,6,659,34,39,4,77,0,0,0,0,4,0,0,4,7,3,-1,9,3386,2544,0,5930,157,212,3,372,43,3,1,47,29,3,2,34,34,10,1,45,22,20,-1,41,24,39,5,68,4079,3194,7278
213021343,98,131,0,229,70,86,3,159,0,0,0,0,0,4,-1,3,9,3,3,15,2203,1428,3,3634,105,134,2,241,38,0,-4,34,33,5,-3,35,42,6,-1,47,15,6,2,23,41,38,5,84,2659,1846,4504
213021344,693,725,-6,1412,21,17,2,40,3,4,-3,4,0,4,-1,3,11,6,0,17,2835,2379,7,5221,120,177,-5,292,28,0,0,28,66,3,1,70,198,42,-4,236,27,11,7,45,59,62,-1,120,4053,3432,7486
213021345,74,80,6,160,3,7,3,13,0,0,0,0,0,0,0,0,4,0,-1,3,909,691,0,1600,46,51,4,101,14,0,6,20,11,0,0,11,4,4,1,9,13,0,2,15,8,6,2,16,1088,848,1942
213021346,505,493,-4,994,17,10,2,29,0,0,3,3,0,6,-2,4,13,3,-1,15,2253,1952,-2,4203,77,156,5,238,12,0,0,12,21,4,3,28,126,40,-1,165,23,17,1,41,99,137,-2,234,3157,2818,5970
213031347,212,233,-6,439,126,182,3,311,0,0,0,0,11,7,1,19,10,3,4,17,2819,1782,0,4601,156,249,1,406,33,0,3,36,51,7,0,58,72,22,1,95,29,12,-3,38,64,71,3,138,3594,2562,6158
213031348,913,798,-2,1709,119,156,0,275,3,4,0,7,19,37,-2,54,21,6,3,30,1937,1191,-1,3127,91,175,-4,262,13,0,0,13,61,11,1,73,198,99,-3,294,21,9,0,30,177,215,3,395,3568,2702,6270
213031349,118,156,-3,271,18,23,5,46,0,0,0,0,97,160,3,260,3,6,0,9,2258,1650,8,3916,82,219,-1,300,16,0,0,16,39,5,-4,40,76,21,5,102,24,15,2,41,56,75,8,139,2788,2336,5122
213031350,506,497,4,1007,19,28,-2,45,0,0,0,0,3,3,0,6,4,7,-3,8,1227,1059,-7,2279,40,90,8,138,11,0,0,11,21,4,4,29,165,66,-2,229,16,4,1,21,89,91,-1,179,2097,1849,3952
213031351,447,407,6,860,97,128,-2,223,3,0,0,3,4,6,-2,8,14,3,0,17,1647,1136,-1,2782,72,134,-3,203,18,0,0,18,39,11,4,54,153,37,3,193,11,10,4,25,58,76,-4,130,2564,1951,4515
213031352,721,770,-2,1489,16,30,6,52,4,0,-1,3,3,6,0,9,22,6,-5,23,2117,1857,2,3976,92,160,-3,249,13,3,0,16,51,6,5,62,193,53,0,246,21,16,3,40,116,127,0,243,3363,3041,6408
213041353,188,216,5,409,9,26,-3,32,0,0,0,0,3,0,0,3,3,0,2,5,3562,2890,3,6455,192,218,-1,409,100,5,-5,100,18,0,2,20,14,0,0,14,29,7,1,37,86,72,5,163,4208,3440,7650
213041355,273,266,3,542,15,29,-1,43,3,0,0,3,3,3,0,6,11,7,0,18,4072,3168,-2,7238,204,284,-3,485,93,0,0,93,24,0,0,24,3,0,0,3,25,15,9,49,28,21,-1,48,4767,3794,8560
213041356,109,144,2,255,17,24,4,45,0,0,0,0,0,3,0,3,0,0,7,7,3110,2265,-8,5367,210,184,4,398,90,4,2,96,19,3,0,22,10,8,-3,15,26,11,0,37,52,57,-1,108,3650,2698,6353
213041357,286,286,-7,565,25,26,2,53,0,0,0,0,0,3,0,3,7,6,-1,12,3880,2735,-2,6613,225,250,-2,473,74,3,2,79,17,0,0,17,10,0,-3,7,30,19,-7,42,30,51,-4,77,4578,3377,7952
213041358,155,174,-2,327,13,32,3,48,4,0,0,4,0,0,0,0,3,0,1,4,3075,2375,0,5450,204,198,-6,396,65,0,0,65,14,3,4,21,8,0,-1,7,25,14,-4,35,33,35,-1,67,3605,2822,6425
213041359,3,11,7,21,0,4,0,4,0,0,0,0,0,0,0,0,0,0,0,0,282,188,-1,469,18,23,1,42,24,0,0,24,3,0,0,3,0,0,0,0,0,3,1,4,15,7,-2,20,354,235,582
213041360,240,319,6,565,31,17,-5,43,0,0,3,3,0,3,0,3,18,0,0,18,3545,2514,1,6060,169,239,3,411,63,0,5,68,16,0,0,16,0,11,-4,7,34,21,-1,54,24,21,-1,44,4144,3149,7294
213041461,41,45,-8,78,10,18,4,32,0,0,0,0,0,0,0,0,9,0,4,13,840,588,-3,1425,28,64,2,94,17,0,5,22,3,0,4,7,0,0,0,0,6,3,5,14,5,3,1,9,963,731,1692
213041462,103,86,0,189,6,10,1,17,0,0,0,0,0,3,-3,0,4,0,2,6,1089,777,0,1866,46,87,5,138,19,0,0,19,3,0,0,3,0,0,3,3,12,4,1,17,10,7,-1,16,1306,979,2285
213041463,202,218,1,421,32,51,-5,78,0,0,4,4,0,4,0,4,13,0,-1,12,3725,2820,-3,6542,164,274,-1,437,54,0,0,54,21,0,0,21,12,9,-4,17,31,13,-1,43,24,35,0,59,4278,3423,7699
213051361,232,220,-2,450,20,27,-3,44,0,0,0,0,0,0,0,0,11,0,1,12,3668,2614,-1,6281,224,299,5,528,75,0,0,75,22,0,0,22,24,6,2,32,33,14,-1,46,34,41,1,76,4351,3227,7578
213051362,322,299,5,626,14,34,2,50,3,0,0,3,8,0,-4,4,13,10,-2,21,3155,2242,-3,5394,202,226,3,431,50,0,0,50,28,0,2,30,34,4,-3,35,25,9,-3,31,40,88,-3,125,3901,2907,6804
213051363,388,323,-1,710,21,14,0,35,0,0,0,0,0,0,0,0,11,9,-5,15,1410,765,-7,2168,116,142,-5,253,14,0,0,14,20,0,0,20,14,3,-3,14,17,15,-1,31,28,22,-6,44,2028,1282,3314
213051365,740,607,-2,1345,27,67,3,97,0,0,0,0,3,12,-6,9,57,7,7,71,6019,3842,0,9861,292,442,3,737,105,0,0,105,40,0,0,40,18,6,-6,18,82,28,0,110,59,52,-1,110,7446,5055,12508
213051366,580,483,7,1070,18,26,1,45,0,0,0,0,4,8,-5,7,35,4,3,42,4066,2116,4,6186,193,315,4,512,47,0,0,47,31,0,-1,30,20,0,0,20,46,22,-5,63,31,21,2,54,5076,2999,8076
213051368,156,160,2,318,11,15,2,28,3,0,0,3,0,0,4,4,3,3,0,6,1975,1463,1,3439,109,130,1,240,34,0,0,34,19,0,-3,16,14,0,0,14,16,10,4,30,77,66,2,145,2418,1855,4271
213051369,538,409,-1,946,39,61,-8,92,0,0,0,0,3,3,-3,3,16,3,2,21,3898,2771,-3,6666,189,256,5,450,50,0,0,50,26,5,-1,30,14,3,-5,12,30,22,-2,50,31,45,1,77,4831,3568,8398
213051464,186,187,-2,371,9,13,1,23,4,0,0,4,0,4,-1,3,6,3,1,10,2272,1464,-3,3733,115,197,1,313,25,0,-1,24,21,4,-3,22,25,0,-5,20,17,14,-1,30,19,9,6,34,2691,1883,4580
213051465,453,411,0,864,20,23,-1,42,0,0,0,0,0,3,1,4,12,0,-2,10,3981,2801,4,6786,193,370,6,569,42,3,3,48,47,0,2,49,40,4,6,50,43,15,5,63,48,66,1,115,4892,3707,8600
213051466,327,276,3,606,21,17,-3,35,0,0,3,3,3,0,0,3,10,0,0,10,2426,1587,2,4015,118,250,-7,361,20,0,0,20,38,0,0,38,16,8,-2,22,30,17,-7,40,32,27,-5,54,3027,2182,5203
213051467,306,285,-3,588,32,44,4,80,0,0,0,0,0,0,0,0,13,8,2,23,3129,2132,-6,5255,196,239,1,436,54,0,0,54,16,4,-2,18,24,6,-4,26,23,16,4,43,38,51,1,90,3835,2778,6618
213051468,155,161,2,318,10,22,4,36,3,0,-3,0,0,3,0,3,3,3,-3,3,2301,1673,6,3980,135,117,1,253,48,0,1,49,14,5,0,19,9,3,-1,11,11,3,4,18,15,23,-6,32,2699,2011,4709
214011370,84,80,-3,161,49,62,2,113,3,3,3,9,0,0,0,0,3,6,1,10,4123,3338,-4,7457,251,218,-7,462,54,3,2,59,32,8,0,40,17,0,2,19,29,9,2,40,37,55,3,95,4690,3782,8471
214011371,182,128,3,313,64,82,-4,142,0,0,0,0,0,0,0,0,10,9,1,20,3661,3157,0,6818,222,228,2,452,54,3,-3,54,28,3,4,35,42,17,-1,58,25,12,7,44,138,163,5,306,4439,3801,8241
214011372,96,69,1,166,62,77,2,141,4,0,0,4,3,0,0,3,5,3,2,10,2913,2317,-1,5229,201,179,-2,378,52,0,-3,49,34,3,5,42,30,5,1,36,24,6,4,34,57,54,-3,108,3480,2717,6195
214011373,120,72,-1,191,30,14,1,45,0,0,0,0,0,0,3,3,7,6,-3,10,3323,2921,-7,6237,171,219,0,390,45,0,0,45,18,0,0,18,13,0,0,13,33,14,-8,39,46,43,-1,88,3803,3282,7086
214011374,83,69,-7,145,33,37,5,75,0,0,4,4,0,0,3,3,3,3,0,6,5064,4378,1,9443,295,253,-1,547,144,10,-2,152,32,0,-1,31,14,9,-3,20,33,12,3,48,50,55,8,113,5751,4824,10577
214011375,204,188,-4,388,35,25,2,62,0,0,0,0,3,0,0,3,0,0,0,0,2888,2416,-4,5300,129,140,-4,265,47,0,0,47,26,5,-1,30,31,6,-5,32,21,14,-1,34,33,51,1,85,3423,2839,6259
214011376,79,74,2,155,17,21,1,39,0,0,0,0,0,0,0,0,3,3,3,9,2813,2292,-1,5104,122,158,-2,278,36,0,0,36,23,0,0,23,8,0,4,12,21,6,6,33,14,27,-1,40,3139,2580,5716
214021377,9,10,3,22,15,7,7,29,0,0,0,0,0,0,0,0,3,0,0,3,1829,1503,-1,3331,64,96,7,167,42,0,-2,40,7,0,0,7,9,0,-2,7,12,19,0,31,27,42,0,69,2029,1684,3714
214021378,14,0,0,14,6,3,-1,8,0,0,0,0,3,0,1,4,0,0,0,0,829,619,-6,1442,29,39,7,75,15,0,0,15,4,0,0,4,0,0,0,0,15,6,-6,15,82,44,0,126,996,714,1711
214021379,28,12,0,40,52,34,1,87,3,0,1,4,0,0,0,0,0,0,3,3,3630,2946,2,6578,223,177,3,403,69,0,2,71,28,0,-3,25,31,6,5,42,76,25,3,104,554,207,-5,756,4695,3407,8103
214021380,47,30,-4,73,26,33,1,60,0,0,4,4,0,3,0,3,3,4,-1,6,3831,3507,1,7339,187,232,0,419,66,3,-2,67,13,0,1,14,28,17,1,46,23,14,-2,35,91,113,1,205,4312,3950,8262
214021381,101,43,0,144,18,19,0,37,0,0,0,0,0,4,0,4,4,3,-4,3,3111,2637,-3,5745,137,165,5,307,39,0,0,39,8,0,0,8,15,3,-2,16,27,23,-2,48,41,57,-1,97,3511,2951,6459
214021382,44,14,-3,55,25,17,-8,34,0,0,0,0,0,0,0,0,4,0,0,4,3285,2806,1,6092,168,166,1,335,61,0,0,61,15,3,1,19,30,3,-1,32,29,11,0,40,48,39,-5,82,3697,3066,6758
214021383,12,11,0,23,28,11,-4,35,0,4,2,6,8,5,-2,11,0,3,1,4,2566,2037,-4,4599,126,166,-5,287,73,3,2,78,8,0,-2,6,17,3,0,20,21,18,2,41,62,53,0,115,2922,2308,5236
214021384,9,5,0,14,27,20,1,48,0,3,0,3,0,0,5,5,0,5,2,7,2880,2489,-3,5366,191,183,1,375,69,0,5,74,11,3,0,14,27,9,-8,28,22,9,-1,30,54,86,-5,135,3292,2807,6099
214021385,42,26,-2,66,13,13,0,26,3,0,0,3,0,0,0,0,6,3,-5,4,3624,3267,-2,6889,220,168,4,392,147,0,4,151,19,0,0,19,12,11,-5,18,25,14,-1,38,90,63,-4,149,4199,3555,7754
215011386,0,0,4,4,3,0,0,3,0,0,0,0,0,0,0,0,3,0,4,7,1198,1052,-1,2249,128,106,-2,232,17,0,0,17,5,0,5,10,25,0,1,26,4,3,7,14,91,80,3,174,1484,1254,2740
215011387,3,0,0,3,3,0,0,3,0,0,0,0,0,0,0,0,0,0,0,0,391,331,1,723,22,19,2,43,23,3,-6,20,3,0,0,3,0,0,0,0,12,0,2,14,70,40,-6,104,521,395,913
215011388,0,0,0,0,21,16,1,38,4,0,4,8,0,0,4,4,4,5,1,10,2772,2478,5,5255,180,189,-3,366,47,0,0,47,16,8,0,24,55,17,0,72,35,4,-2,37,185,160,2,347,3324,2885,6204
215011389,0,0,0,0,4,0,0,4,0,0,0,0,0,0,0,0,0,0,0,0,576,473,4,1053,26,34,-3,57,12,0,4,16,0,0,0,0,3,0,4,7,19,4,3,26,64,31,-4,91,713,539,1256
215011390,0,0,0,0,0,0,5,5,0,0,0,0,0,0,0,0,0,0,0,0,912,770,0,1682,56,56,2,114,30,5,-4,31,6,3,-2,7,14,3,0,17,40,9,0,49,171,116,2,289,1232,962,2196
215011391,0,0,3,3,0,0,0,0,0,0,0,0,0,0,0,0,0,0,0,0,466,401,6,873,36,40,-4,72,26,4,-2,28,3,0,1,4,4,0,0,4,21,9,1,31,53,50,0,103,610,507,1115
215011392,3,0,2,5,7,9,-2,14,0,0,0,0,0,0,0,0,0,0,0,0,1235,1024,-7,2252,84,86,-4,166,31,0,0,31,9,0,0,9,18,3,2,23,14,9,3,26,96,86,-1,181,1496,1218,2712
215011393,0,0,0,0,0,3,0,3,0,0,0,0,0,0,0,0,0,0,0,0,368,303,2,673,7,19,-2,24,12,0,0,12,3,0,3,6,3,0,0,3,24,4,-5,23,54,41,-5,90,476,372,848
215011394,0,0,0,0,6,4,1,11,0,0,3,3,0,0,0,0,0,0,0,0,828,692,-1,1519,37,47,3,87,19,0,1,20,4,0,5,9,19,6,-2,23,41,5,1,47,128,91,0,219,1088,851,1940
215021395,0,0,0,0,10,5,-6,9,3,0,0,3,0,0,0,0,0,0,0,0,1283,1094,7,2384,64,64,1,129,38,0,0,38,18,0,-2,16,13,0,-1,12,21,7,-3,25,45,27,3,75,1484,1200,2692
215021396,0,0,0,0,10,5,0,15,0,0,0,0,0,0,0,0,3,0,0,3,749,666,-6,1409,44,59,1,104,21,0,0,21,8,0,-3,5,0,0,3,3,9,3,-2,10,39,19,1,59,888,751,1640
215021398,0,0,0,0,15,0,5,20,0,0,0,0,0,0,0,0,0,0,0,0,576,430,1,1007,36,41,0,77,23,0,0,23,9,3,0,12,5,0,-1,4,33,12,-5,40,88,73,-5,156,781,560,1342
215021399,0,0,0,0,9,14,0,23,0,0,0,0,0,0,0,0,0,0,0,0,926,773,4,1703,74,86,-2,158,22,0,0,22,4,0,0,4,6,0,5,11,9,6,-7,8,49,25,4,78,1103,902,2001
215021469,4,0,-1,3,23,12,-5,30,0,0,0,0,0,0,5,5,5,4,7,16,2592,2350,1,4943,259,280,-1,538,23,3,4,30,31,0,-3,28,55,20,-1,74,18,14,4,36,160,164,3,327,3170,2852,6025
215021470,0,0,0,0,7,10,1,18,0,0,0,0,0,0,0,0,4,0,1,5,2307,2192,6,4505,178,222,-3,397,27,0,2,29,15,3,-1,17,19,4,2,25,23,4,4,31,71,75,2,148,2662,2517,5174
215031400,0,0,4,4,3,0,1,4,0,0,0,0,0,0,0,0,0,0,4,4,793,603,-1,1395,37,41,-1,77,36,3,-6,33,5,0,0,5,14,5,4,23,44,5,3,52,138,151,8,297,1077,814,1892
215031401,0,0,0,0,3,0,0,3,0,0,0,0,0,0,0,0,0,0,0,0,943,764,4,1711,46,38,-3,81,37,0,0,37,38,3,0,41,12,8,-5,15,22,3,0,25,99,77,3,179,1198,897,2095
215031402,0,0,0,0,3,0,4,7,0,0,0,0,0,0,0,0,0,0,3,3,567,445,-4,1008,32,44,2,78,13,0,0,13,3,0,0,3,12,5,-2,15,7,8,-3,12,49,57,-8,98,674,556,1233
215031403,0,0,0,0,6,7,4,17,0,0,0,0,0,0,0,0,0,0,0,0,446,278,3,727,61,66,3,130,3,0,0,3,3,0,0,3,0,3,0,3,10,3,-6,7,63,45,-3,105,596,406,1002
215031404,0,0,0,0,0,3,0,3,0,0,0,0,0,0,0,0,7,3,3,13,1834,1460,2,3296,125,119,0,244,22,0,0,22,6,3,3,12,44,10,3,57,15,10,-2,23,132,171,-2,301,2184,1784,3963
215031405,0,0,3,3,6,7,3,16,0,0,0,0,0,0,0,0,0,0,0,0,991,739,1,1731,65,60,-6,119,22,0,0,22,8,0,0,8,0,0,0,0,17,3,3,23,80,71,-4,147,1192,881,2070
216011406,3,0,0,3,8,10,-1,17,0,0,0,0,0,0,0,0,7,8,-1,14,2401,2205,-2,4604,156,158,1,315,49,5,4,58,19,0,2,21,36,15,-2,49,21,10,-5,26,120,144,2,266,2814,2560,5368
216011407,0,0,0,0,6,3,-1,8,0,0,0,0,0,0,0,0,0,0,0,0,1697,1349,3,3049,69,80,2,151,31,3,-7,27,40,6,-2,44,32,11,3,46,14,4,-1,17,129,121,1,251,2009,1584,3592
216011408,0,0,0,0,3,0,0,3,0,0,0,0,0,0,0,0,0,0,0,0,584,507,0,1091,23,26,2,51,21,0,0,21,19,7,4,30,0,0,0,0,11,3,-3,11,54,38,-2,90,723,581,1303
216011409,0,0,3,3,0,0,4,4,0,0,0,0,0,0,0,0,0,0,0,0,550,448,-3,995,30,28,1,59,24,0,0,24,13,3,-3,13,13,4,0,17,9,4,5,18,40,34,-3,71,685,520,1208
216011410,3,0,0,3,3,4,-4,3,0,0,0,0,0,0,0,0,0,0,0,0,533,418,-4,947,40,18,0,58,19,0,1,20,18,4,-4,18,3,0,6,9,22,4,4,30,66,38,-2,102,702,487,1194
216021411,0,0,0,0,3,4,-3,4,0,0,0,0,0,0,0,0,3,4,-4,3,925,700,0,1625,62,58,0,120,8,4,-1,11,4,0,-1,3,21,6,1,28,3,8,3,14,57,65,-2,120,1087,844,1934
216021412,0,0,0,0,3,0,0,3,0,0,0,0,0,0,0,0,0,0,0,0,386,340,0,726,17,18,3,38,16,0,0,16,6,0,0,6,0,3,0,3,13,8,-4,17,36,11,2,49,473,381,854
216021413,3,0,0,3,12,8,-2,18,0,0,0,0,0,0,0,0,0,0,0,0,1768,1548,1,3317,110,115,6,231,59,3,-2,60,47,10,3,60,30,6,7,43,26,20,2,48,168,158,4,330,2236,1868,4098
216021414,0,0,0,0,0,0,0,0,0,0,3,3,0,0,0,0,0,0,0,0,1037,896,-2,1931,74,62,-3,133,24,0,0,24,3,0,0,3,28,8,3,39,9,5,1,15,55,52,1,108,1247,1021,2268
216031415,0,0,0,0,3,4,2,9,0,0,0,0,0,0,0,0,3,3,3,9,1249,1149,-2,2396,93,100,4,197,12,0,4,16,19,0,-3,16,8,6,-1,13,3,0,6,9,21,20,2,43,1425,1292,2709
216031416,3,0,2,5,22,19,-5,36,0,0,0,0,0,0,0,0,5,6,6,17,3146,2634,2,5782,210,296,4,510,36,0,0,36,16,0,-1,15,76,32,2,110,30,15,-4,41,196,217,-5,408,3733,3221,6957
216031417,3,3,2,8,13,14,9,36,0,0,0,0,0,0,0,0,6,11,0,17,3788,3098,-7,6879,236,376,2,614,48,0,-2,46,21,3,4,28,40,9,1,50,38,12,-1,49,128,93,0,221,4333,3620,7952
216031418,0,0,0,0,3,3,-1,5,0,0,0,0,0,0,0,0,0,0,0,0,685,600,-6,1279,39,44,-3,80,27,0,0,27,8,0,2,10,3,0,4,7,8,0,5,13,49,28,-2,75,828,676,1502
216031419,3,4,6,13,3,0,0,3,0,0,0,0,0,0,0,0,4,4,-1,7,1507,1311,5,2823,76,91,0,167,49,0,-3,46,41,3,-1,43,32,0,6,38,20,8,1,29,134,87,-1,220,1866,1512,3375
217011420,0,0,3,3,8,8,2,18,0,0,0,0,0,0,0,0,0,0,0,0,1276,1113,-4,2385,70,71,1,142,68,0,-3,65,24,6,0,30,6,0,0,6,21,5,2,28,107,97,-1,203,1588,1305,2893
217011421,0,0,0,0,7,7,-8,6,0,0,0,0,0,3,1,4,6,7,-2,11,1641,1426,0,3067,98,119,-7,210,35,0,1,36,5,3,0,8,16,3,1,20,18,13,-2,29,132,123,-1,254,1954,1701,3658
217011422,0,0,0,0,12,3,-3,12,0,0,0,0,0,0,0,0,11,10,-5,16,1716,1367,5,3088,97,111,8,216,23,0,2,25,10,0,0,10,32,3,2,37,25,11,-5,31,71,88,0,159,2004,1595,3599
217011423,0,0,0,0,8,0,0,8,0,0,0,0,0,0,0,0,0,0,0,0,776,720,-3,1493,37,23,1,61,25,0,0,25,14,7,1,22,5,3,1,9,35,11,-3,43,144,75,2,221,1048,834,1884
217031471,0,0,0,0,0,0,0,0,0,0,0,0,0,0,0,0,0,0,0,0,508,422,-2,928,25,21,1,47,19,0,0,19,4,0,3,7,6,0,2,8,13,3,-4,12,51,52,-2,101,618,498,1118
217031472,3,4,2,9,4,3,2,9,0,0,3,3,0,0,0,0,6,8,-6,8,2086,1729,-5,3810,139,141,-5,275,26,0,0,26,12,0,0,12,58,16,-2,72,16,4,0,20,138,125,3,266,2479,2022,4508
217031473,3,0,0,3,0,3,0,3,0,0,0,0,0,0,0,0,0,0,0,0,896,709,-6,1599,35,56,0,91,27,0,0,27,23,6,-4,25,6,0,2,8,16,3,0,19,70,39,6,115,1078,812,1892
217031474,0,5,2,7,4,4,0,8,0,0,0,0,0,0,0,0,0,0,0,0,725,618,4,1347,45,34,-4,75,30,3,5,38,11,8,-5,14,6,0,0,6,21,5,2,28,88,53,4,145,941,723,1662
217031475,0,0,3,3,6,0,0,6,0,0,0,0,0,0,0,0,0,0,0,0,956,792,7,1755,54,48,1,103,30,0,5,35,51,15,3,69,14,8,0,22,39,14,-1,52,175,133,0,308,1336,1017,2350
217031476,0,0,3,3,9,7,-4,12,0,0,0,0,0,0,0,0,0,0,0,0,441,378,-1,818,27,39,-5,61,19,0,0,19,7,3,-4,6,15,5,0,20,11,6,0,17,85,85,-2,168,612,515,1123
217041477,0,0,0,0,3,0,2,5,0,0,0,0,0,0,0,0,0,0,0,0,944,791,2,1737,52,46,-3,95,42,3,-1,44,35,3,-2,36,0,4,4,8,31,13,0,44,144,70,1,215,1262,934,2192
217041478,4,0,0,4,8,6,-1,13,0,0,0,0,0,0,0,0,0,0,0,0,1474,1286,-2,2758,54,86,-6,134,51,0,0,51,26,3,1,30,21,5,2,28,31,8,1,40,107,87,2,196,1784,1479,3262
217041479,0,0,3,3,22,14,3,39,0,0,0,0,4,0,0,4,14,7,-4,17,3792,3379,-9,7162,320,329,3,652,58,0,0,58,24,0,4,28,54,13,5,72,21,9,6,36,147,124,-1,270,4457,3875,8333
217041480,3,0,0,3,20,12,-2,30,0,0,0,0,0,4,-1,3,10,7,0,17,2044,1901,3,3948,184,201,3,388,29,0,0,29,21,4,-1,24,58,19,-6,71,26,11,2,39,229,171,-3,397,2616,2330,4949
297979799,0,0,0,0,0,0,0,0,0,0,0,0,0,0,0,0,0,0,0,0,0,0,0,0,0,0,0,0,0,0,0,0,0,0,0,0,0,0,0,0,9,0,0,9,0,0,0,0,16,0,16
299999499,60,36,5,101,22,18,2,42,0,0,0,0,39,49,-3,85,10,3,-3,10,582,275,2,859,70,59,-3,126,17,0,0,17,14,0,0,14,17,8,-6,19,36,16,-2,50,140,83,4,227,1002,549,1552
